matchup_is_consolation,matchup_is_matchup_recap_available,matchup_is_playoffs,matchup_is_tied,matchup_matchup_grades,matchup_matchup_recap_title,matchup_matchup_recap_url,matchup_status,matchup_teams,matchup_week,matchup_week_end,matchup_week_start,matchup_winner_team_key,week,matchups
0,1.0,0,0.0,"[{'matchup_grade': {'grade': 'C-', 'team_key': '423.l.219013.t.1'}}, {'matchup_grade': {'grade': 'A+', 'team_key': '423.l.219013.t.5'}}]",Champs Chosen Ones Dominates with an A+ Grade,https://football.fantasysports.yahoo.com/f1/219013/recap?week=1&mid1=1&mid2=5,postevent,"[{'team': {'division_id': '1', 'draft_grade': 'D', 'draft_position': 3, 'draft_recap_url': 'https://football.fantasysports.yahoo.com/f1/219013/1/draftrecap', 'faab_balance': '70', 'has_draft_grade': 1, 'league_scoring_type': 'head', 'managers': {'manager': {'guid': 'ADD4MDMU6QB6KKHZ6WPSTZXCWM', 'image_url': 'https://s.yimg.com/ag/images/1836/38534872323_f7eae3_64sq.jpg', 'manager_id': '1', 'nickname': 'danno'}}, 'name': 'P01135809', 'number_of_moves': 22, 'number_of_trades': '1', 'roster_adds': {'coverage_type': 'week', 'coverage_value': 10, 'value': '0'}, 'team_id': '1', 'team_key': '423.l.219013.t.1', 'team_logos': {'team_logo': {'size': 'large', 'url': 'https://yahoofantasysports-res.cloudinary.com/image/upload/t_s192sq/fantasy-logos/39603651843_5cc41f.jpg'}}, 'team_points': {'coverage_type': 'week', 'total': '107.46', 'week': '1'}, 'team_projected_points': {'coverage_type': 'week', 'total': '96.63', 'week': '1'}, 'url': 'https://football.fantasysports.yahoo.com/f1/219013/1', 'waiver_priority': 5, 'win_probability': 0.01}}, {'team': {'division_id': '1', 'draft_grade': 'B', 'draft_position': 6, 'draft_recap_url': 'https://football.fantasysports.yahoo.com/f1/219013/5/draftrecap', 'faab_balance': '82', 'has_draft_grade': 1, 'league_scoring_type': 'head', 'managers': {'manager': {'guid': 'XHEDWQHX4S2KQRAJVGTHDJ3RJY', 'image_url': 'https://s.yimg.com/ag/images/default_user_profile_pic_64sq.jpg', 'manager_id': '5', 'nickname': 'Erick'}}, 'name': 'Champ’s Chosen Ones', 'number_of_moves': 17, 'number_of_trades': '2', 'roster_adds': {'coverage_type': 'week', 'coverage_value': 10, 'value': '2'}, 'team_id': '5', 'team_key': '423.l.219013.t.5', 'team_logos': {'team_logo': {'size': 'large', 'url': 'https://yahoofantasysports-res.cloudinary.com/image/upload/t_s192sq/fantasy-logos/b4b3d21311b327e6ca044cb220705ceb159a4ae11859d5cb1bc94075f0a31cb9.jpg'}}, 'team_points': {'coverage_type': 'week', 'total': '123.94', 'week': '1'}, 'team_projected_points': {'coverage_type': 'week', 'total': '98.40', 'week': '1'}, 'url': 'https://football.fantasysports.yahoo.com/f1/219013/5', 'waiver_priority': 8, 'win_probability': 0.99}}]",1,2023-09-11,2023-09-07,423.l.219013.t.5,,
0,1.0,0,0.0,"[{'matchup_grade': {'grade': 'B', 'team_key': '423.l.219013.t.2'}}, {'matchup_grade': {'grade': 'C-', 'team_key': '423.l.219013.t.6'}}]",PAC 4 Playboys Takes the Win in Week 1,https://football.fantasysports.yahoo.com/f1/219013/recap?week=1&mid1=2&mid2=6,postevent,"[{'team': {'division_id': '2', 'draft_grade': 'A+', 'draft_position': 1, 'draft_recap_url': 'https://football.fantasysports.yahoo.com/f1/219013/2/draftrecap', 'faab_balance': '95', 'has_draft_grade': 1, 'league_scoring_type': 'head', 'managers': {'manager': {'guid': '3TMDLXVHHB23GKSNKO5KYRZYNY', 'image_url': 'https://s.yimg.com/ag/images/default_user_profile_pic_64sq.jpg', 'manager_id': '2', 'nickname': 'Justus'}}, 'name': 'PAC 4 Playboys', 'number_of_moves': 7, 'number_of_trades': 0, 'roster_adds': {'coverage_type': 'week', 'coverage_value': 10, 'value': '4'}, 'team_id': '2', 'team_key': '423.l.219013.t.2', 'team_logos': {'team_logo': {'size': 'large', 'url': 'https://s.yimg.com/cv/apiv2/default/nfl/nfl_9_j.png'}}, 'team_points': {'coverage_type': 'week', 'total': '95.90', 'week': '1'}, 'team_projected_points': {'coverage_type': 'week', 'total': '102.91', 'week': '1'}, 'url': 'https://football.fantasysports.yahoo.com/f1/219013/2', 'waiver_priority': 7, 'win_probability': 1}}, {'team': {'division_id': '2', 'draft_grade': 'B', 'draft_position': 10, 'draft_recap_url': 'https://football.fantasysports.yahoo.com/f1/219013/6/draftrecap', 'faab_balance': '69', 'has_draft_grade': 1, 'league_scoring_type': 'head', 'managers': {'manager': {'guid': 'KYDUTDTRLS5SUCBQZ2XQVIZHXY', 'image_url': 'https://s.yimg.com/ag/images/default_user_profile_pic_64sq.jpg', 'manager_id': '6', 'nickname': 'Justin'}}, 'name': 'Diggs in a Blanket', 'number_of_moves': 11, 'number_of_trades': 0, 'roster_adds': {'coverage_type': 'week', 'coverage_value': 10, 'value': '1'}, 'team_id': '6', 'team_key': '423.l.219013.t.6', 'team_logos': {'team_logo': {'size': 'large', 'url': 'https://yahoofantasysports-res.cloudinary.com/image/upload/t_s192sq/fantasy-logos/249a502ce0e9d7139b05e755b1b63b176c351a2f34a72f46bd954635b59e1c99.jpg'}}, 'team_points': {'coverage_type': 'week', 'total': '90.48', 'week': '1'}, 'team_projected_points': {'coverage_type': 'week', 'total': '97.22', 'week': '1'}, 'url': 'https://football.fantasysports.yahoo.com/f1/219013/6', 'waiver_priority': 10, 'win_probability': 0}}]",1,2023-09-11,2023-09-07,423.l.219013.t.2,,
0,1.0,0,0.0,"[{'matchup_grade': {'grade': 'D+', 'team_key': '423.l.219013.t.3'}}, {'matchup_grade': {'grade': 'B-', 'team_key': '423.l.219013.t.4'}}]",My Fantasy Team triumphs over Rocket Man  in a close matchup,https://football.fantasysports.yahoo.com/f1/219013/recap?week=1&mid1=3&mid2=4,postevent,"[{'team': {'division_id': '1', 'draft_grade': 'D+', 'draft_position': 4, 'draft_recap_url': 'https://football.fantasysports.yahoo.com/f1/219013/3/draftrecap', 'faab_balance': '10', 'has_draft_grade': 1, 'league_scoring_type': 'head', 'managers': {'manager': {'guid': 'BF7YOXDHYODW33AFZDW4VQUD5U', 'image_url': 'https://s.yimg.com/ag/images/default_user_profile_pic_64sq.jpg', 'manager_id': '3', 'nickname': 'christopher'}}, 'name': 'Rocket Man 💄', 'number_of_moves': 27, 'number_of_trades': 0, 'roster_adds': {'coverage_type': 'week', 'coverage_value': 10, 'value': '3'}, 'team_id': '3', 'team_key': '423.l.219013.t.3', 'team_logos': {'team_logo': {'size': 'large', 'url': 'https://yahoofantasysports-res.cloudinary.com/image/upload/t_s192sq/fantasy-logos/26002718789_b0e267.png'}}, 'team_points': {'coverage_type': 'week', 'total': '71.16', 'week': '1'}, 'team_projected_points': {'coverage_type': 'week', 'total': '105.12', 'week': '1'}, 'url': 'https://football.fantasysports.yahoo.com/f1/219013/3', 'waiver_priority': 4, 'win_probability': 0}}, {'team': {'division_id': '2', 'draft_grade': 'B-', 'draft_position': 9, 'draft_recap_url': 'https://football.fantasysports.yahoo.com/f1/219013/4/draftrecap', 'faab_balance': '24', 'has_draft_grade': 1, 'league_scoring_type': 'head', 'managers': {'manager': {'guid': 'JYIB5FKHOAZXS4N2CUFFKO5Q4Y', 'image_url': 'https://s.yimg.com/ag/images/default_user_profile_pic_64sq.jpg', 'manager_id': '4', 'nickname': 'Alex'}}, 'name': 'SHIT CUNT BULLSHIT', 'number_of_moves': 14, 'number_of_trades': '1', 'roster_adds': {'coverage_type': 'week', 'coverage_value': 10, 'value': '0'}, 'team_id': '4', 'team_key': '423.l.219013.t.4', 'team_logos': {'team_logo': {'size': 'large', 'url': 'https://s.yimg.com/cv/apiv2/default/nfl/nfl_3_a.png'}}, 'team_points': {'coverage_type': 'week', 'total': '76.94', 'week': '1'}, 'team_projected_points': {'coverage_type': 'week', 'total': '96.16', 'week': '1'}, 'url': 'https://football.fantasysports.yahoo.com/f1/219013/4', 'waiver_priority': 1, 'win_probability': 1}}]",1,2023-09-11,2023-09-07,423.l.219013.t.4,,
0,1.0,0,0.0,"[{'matchup_grade': {'grade': 'A', 'team_key': '423.l.219013.t.7'}}, {'matchup_grade': {'grade': 'D+', 'team_key': '423.l.219013.t.10'}}]",Sharknadoes Dominates Zynfinity & Beyond in Week 1,https://football.fantasysports.yahoo.com/f1/219013/recap?week=1&mid1=7&mid2=10,postevent,"[{'team': {'division_id': '1', 'draft_grade': 'C-', 'draft_position': 5, 'draft_recap_url': 'https://football.fantasysports.yahoo.com/f1/219013/7/draftrecap', 'faab_balance': '60', 'has_draft_grade': 1, 'league_scoring_type': 'head', 'managers': {'manager': {'guid': 'N3MH6WN3FICQKJ4XHD6XAVEGAQ', 'image_url': 'https://s.yimg.com/ag/images/default_user_profile_pic_64sq.jpg', 'manager_id': '7', 'nickname': 'B'}}, 'name': 'Sharknadoes', 'number_of_moves': 12, 'number_of_trades': 0, 'roster_adds': {'coverage_type': 'week', 'coverage_value': 10, 'value': '1'}, 'team_id': '7', 'team_key': '423.l.219013.t.7', 'team_logos': {'team_logo': {'size': 'large', 'url': 'https://s.yimg.com/cv/apiv2/default/nfl/nfl_9_b.png'}}, 'team_points': {'coverage_type': 'week', 'total': '117.92', 'week': '1'}, 'team_projected_points': {'coverage_type': 'week', 'total': '98.37', 'week': '1'}, 'url': 'https://football.fantasysports.yahoo.com/f1/219013/7', 'waiver_priority': 9, 'win_probability': 1}}, {'team': {'division_id': '1', 'draft_grade': 'F', 'draft_position': 8, 'draft_recap_url': 'https://football.fantasysports.yahoo.com/f1/219013/10/draftrecap', 'faab_balance': '80', 'has_draft_grade': 1, 'league_scoring_type': 'head', 'managers': {'manager': {'guid': 'JP4PWLILXEXEZ2Z5TNVJCDFPMQ', 'image_url': 'https://s.yimg.com/ag/images/default_user_profile_pic_64sq.jpg', 'manager_id': '10', 'nickname': 'Josh'}}, 'name': 'Zynfinity & Beyond', 'number_of_moves': 12, 'number_of_trades': 0, 'roster_adds': {'coverage_type': 'week', 'coverage_value': 10, 'value': '0'}, 'team_id': '10', 'team_key': '423.l.219013.t.10', 'team_logos': {'team_logo': {'size': 'large', 'url': 'https://yahoofantasysports-res.cloudinary.com/image/upload/t_s192sq/fantasy-logos/ac16ed42be345232406ec555b3f49d50f424fa25d3f85fe5c4b250f09c5ee1e1.jpg'}}, 'team_points': {'coverage_type': 'week', 'total': '96.84', 'week': '1'}, 'team_projected_points': {'coverage_type': 'week', 'total': '102.57', 'week': '1'}, 'url': 'https://football.fantasysports.yahoo.com/f1/219013/10', 'waiver_priority': 2, 'win_probability': 0}}]",1,2023-09-11,2023-09-07,423.l.219013.t.7,,
0,1.0,0,0.0,"[{'matchup_grade': {'grade': 'D', 'team_key': '423.l.219013.t.8'}}, {'matchup_grade': {'grade': 'A-', 'team_key': '423.l.219013.t.9'}}]",Luke Menoots Dominates BoneZone in Week 1 Matchup,https://football.fantasysports.yahoo.com/f1/219013/recap?week=1&mid1=8&mid2=9,postevent,"[{'team': {'division_id': '2', 'draft_grade': 'D+', 'draft_position': 7, 'draft_recap_url': 'https://football.fantasysports.yahoo.com/f1/219013/8/draftrecap', 'faab_balance': '10', 'has_draft_grade': 1, 'league_scoring_type': 'head', 'managers': {'manager': {'guid': 'GH6EVQYHV77KWSPQ6HMIML2INY', 'image_url': 'https://s.yimg.com/ag/images/default_user_profile_pic_64sq.jpg', 'manager_id': '8', 'nickname': 'Michael'}}, 'name': 'BoneZone', 'number_of_moves': 20, 'number_of_trades': '2', 'roster_adds': {'coverage_type': 'week', 'coverage_value': 10, 'value': '3'}, 'team_id': '8', 'team_key': '423.l.219013.t.8', 'team_logos': {'team_logo': {'size': 'large', 'url': 'https://yahoofantasysports-res.cloudinary.com/image/upload/t_s192sq/fantasy-logos/2d69162507d02142d54f11805eaf391986fce6c112f88dece9fff5484eefe6e8.jpg'}}, 'team_points': {'coverage_type': 'week', 'total': '67.00', 'week': '1'}, 'team_projected_points': {'coverage_type': 'week', 'total': '102.50', 'week': '1'}, 'url': 'https://football.fantasysports.yahoo.com/f1/219013/8', 'waiver_priority': 3, 'win_probability': 0}}, {'team': {'division_id': '2', 'draft_grade': 'A+', 'draft_position': 2, 'draft_recap_url': 'https://football.fantasysports.yahoo.com/f1/219013/9/draftrecap', 'faab_balance': '57', 'has_draft_grade': 1, 'league_scoring_type': 'head', 'managers': {'manager': {'guid': 'KMHYZRO62LD24JPFDP2G44AAEE', 'image_url': 'https://s.yimg.com/ag/images/default_user_profile_pic_64sq.jpg', 'manager_id': '9', 'nickname': 'yide'}}, 'name': 'Luke Menoots', 'number_of_moves': 16, 'number_of_trades': 0, 'roster_adds': {'coverage_type': 'week', 'coverage_value': 10, 'value': '2'}, 'team_id': '9', 'team_key': '423.l.219013.t.9', 'team_logos': {'team_logo': {'size': 'large', 'url': 'https://s.yimg.com/cv/apiv2/default/nfl/nfl_4_l.png'}}, 'team_points': {'coverage_type': 'week', 'total': '99.40', 'week': '1'}, 'team_projected_points': {'coverage_type': 'week', 'total': '103.82', 'week': '1'}, 'url': 'https://football.fantasysports.yahoo.com/f1/219013/9', 'waiver_priority': 6, 'win_probability': 1}}]",1,2023-09-11,2023-09-07,423.l.219013.t.9,,
,,,,,,,,,,,,,2,"[{'matchup': {'is_consolation': '0', 'is_matchup_recap_available': 1, 'is_playoffs': '0', 'is_tied': 0, 'matchup_grades': [{'matchup_grade': {'grade': 'D+', 'team_key': '423.l.219013.t.1'}}, {'matchup_grade': {'grade': 'A+', 'team_key': '423.l.219013.t.7'}}], 'matchup_recap_title': 'Sharknadoes Dominates P01135809 with a Grade A+ Performance', 'matchup_recap_url': 'https://football.fantasysports.yahoo.com/f1/219013/recap?week=2&mid1=1&mid2=7', 'status': 'postevent', 'teams': [{'team': {'division_id': '1', 'draft_grade': 'D', 'draft_position': 3, 'draft_recap_url': 'https://football.fantasysports.yahoo.com/f1/219013/1/draftrecap', 'faab_balance': '70', 'has_draft_grade': 1, 'league_scoring_type': 'head', 'managers': {'manager': {'guid': 'ADD4MDMU6QB6KKHZ6WPSTZXCWM', 'image_url': 'https://s.yimg.com/ag/images/1836/38534872323_f7eae3_64sq.jpg', 'manager_id': '1', 'nickname': 'danno'}}, 'name': 'P01135809', 'number_of_moves': 22, 'number_of_trades': '1', 'roster_adds': {'coverage_type': 'week', 'coverage_value': 10, 'value': '0'}, 'team_id': '1', 'team_key': '423.l.219013.t.1', 'team_logos': {'team_logo': {'size': 'large', 'url': 'https://yahoofantasysports-res.cloudinary.com/image/upload/t_s192sq/fantasy-logos/39603651843_5cc41f.jpg'}}, 'team_points': {'coverage_type': 'week', 'total': '110.68', 'week': '2'}, 'team_projected_points': {'coverage_type': 'week', 'total': '97.28', 'week': '2'}, 'url': 'https://football.fantasysports.yahoo.com/f1/219013/1', 'waiver_priority': 5, 'win_probability': 0}}, {'team': {'division_id': '1', 'draft_grade': 'C-', 'draft_position': 5, 'draft_recap_url': 'https://football.fantasysports.yahoo.com/f1/219013/7/draftrecap', 'faab_balance': '60', 'has_draft_grade': 1, 'league_scoring_type': 'head', 'managers': {'manager': {'guid': 'N3MH6WN3FICQKJ4XHD6XAVEGAQ', 'image_url': 'https://s.yimg.com/ag/images/default_user_profile_pic_64sq.jpg', 'manager_id': '7', 'nickname': 'B'}}, 'name': 'Sharknadoes', 'number_of_moves': 12, 'number_of_trades': 0, 'roster_adds': {'coverage_type': 'week', 'coverage_value': 10, 'value': '1'}, 'team_id': '7', 'team_key': '423.l.219013.t.7', 'team_logos': {'team_logo': {'size': 'large', 'url': 'https://s.yimg.com/cv/apiv2/default/nfl/nfl_9_b.png'}}, 'team_points': {'coverage_type': 'week', 'total': '159.00', 'week': '2'}, 'team_projected_points': {'coverage_type': 'week', 'total': '104.93', 'week': '2'}, 'url': 'https://football.fantasysports.yahoo.com/f1/219013/7', 'waiver_priority': 9, 'win_probability': 1}}], 'week': '2', 'week_end': '2023-09-18', 'week_start': '2023-09-12', 'winner_team_key': '423.l.219013.t.7'}}, {'matchup': {'is_consolation': '0', 'is_matchup_recap_available': 1, 'is_playoffs': '0', 'is_tied': 0, 'matchup_grades': [{'matchup_grade': {'grade': 'D', 'team_key': '423.l.219013.t.2'}}, {'matchup_grade': {'grade': 'A+', 'team_key': '423.l.219013.t.8'}}], 'matchup_recap_title': 'BoneZone Dominates PAC 4 Playboys in Week 2 Showdown', 'matchup_recap_url': 'https://football.fantasysports.yahoo.com/f1/219013/recap?week=2&mid1=2&mid2=8', 'status': 'postevent', 'teams': [{'team': {'division_id': '2', 'draft_grade': 'A+', 'draft_position': 1, 'draft_recap_url': 'https://football.fantasysports.yahoo.com/f1/219013/2/draftrecap', 'faab_balance': '95', 'has_draft_grade': 1, 'league_scoring_type': 'head', 'managers': {'manager': {'guid': '3TMDLXVHHB23GKSNKO5KYRZYNY', 'image_url': 'https://s.yimg.com/ag/images/default_user_profile_pic_64sq.jpg', 'manager_id': '2', 'nickname': 'Justus'}}, 'name': 'PAC 4 Playboys', 'number_of_moves': 7, 'number_of_trades': 0, 'roster_adds': {'coverage_type': 'week', 'coverage_value': 10, 'value': '4'}, 'team_id': '2', 'team_key': '423.l.219013.t.2', 'team_logos': {'team_logo': {'size': 'large', 'url': 'https://s.yimg.com/cv/apiv2/default/nfl/nfl_9_j.png'}}, 'team_points': {'coverage_type': 'week', 'total': '86.46', 'week': '2'}, 'team_projected_points': {'coverage_type': 'week', 'total': '103.41', 'week': '2'}, 'url': 'https://football.fantasysports.yahoo.com/f1/219013/2', 'waiver_priority': 7, 'win_probability': 0}}, {'team': {'division_id': '2', 'draft_grade': 'D+', 'draft_position': 7, 'draft_recap_url': 'https://football.fantasysports.yahoo.com/f1/219013/8/draftrecap', 'faab_balance': '10', 'has_draft_grade': 1, 'league_scoring_type': 'head', 'managers': {'manager': {'guid': 'GH6EVQYHV77KWSPQ6HMIML2INY', 'image_url': 'https://s.yimg.com/ag/images/default_user_profile_pic_64sq.jpg', 'manager_id': '8', 'nickname': 'Michael'}}, 'name': 'BoneZone', 'number_of_moves': 20, 'number_of_trades': '2', 'roster_adds': {'coverage_type': 'week', 'coverage_value': 10, 'value': '3'}, 'team_id': '8', 'team_key': '423.l.219013.t.8', 'team_logos': {'team_logo': {'size': 'large', 'url': 'https://yahoofantasysports-res.cloudinary.com/image/upload/t_s192sq/fantasy-logos/2d69162507d02142d54f11805eaf391986fce6c112f88dece9fff5484eefe6e8.jpg'}}, 'team_points': {'coverage_type': 'week', 'total': '116.80', 'week': '2'}, 'team_projected_points': {'coverage_type': 'week', 'total': '100.44', 'week': '2'}, 'url': 'https://football.fantasysports.yahoo.com/f1/219013/8', 'waiver_priority': 3, 'win_probability': 1}}], 'week': '2', 'week_end': '2023-09-18', 'week_start': '2023-09-12', 'winner_team_key': '423.l.219013.t.8'}}, {'matchup': {'is_consolation': '0', 'is_matchup_recap_available': 1, 'is_playoffs': '0', 'is_tied': 0, 'matchup_grades': [{'matchup_grade': {'grade': 'B+', 'team_key': '423.l.219013.t.3'}}, {'matchup_grade': {'grade': 'D+', 'team_key': '423.l.219013.t.5'}}], 'matchup_recap_title': 'Rocket Man 💄 takes the win with a B+ grade!', 'matchup_recap_url': 'https://football.fantasysports.yahoo.com/f1/219013/recap?week=2&mid1=3&mid2=5', 'status': 'postevent', 'teams': [{'team': {'division_id': '1', 'draft_grade': 'D+', 'draft_position': 4, 'draft_recap_url': 'https://football.fantasysports.yahoo.com/f1/219013/3/draftrecap', 'faab_balance': '10', 'has_draft_grade': 1, 'league_scoring_type': 'head', 'managers': {'manager': {'guid': 'BF7YOXDHYODW33AFZDW4VQUD5U', 'image_url': 'https://s.yimg.com/ag/images/default_user_profile_pic_64sq.jpg', 'manager_id': '3', 'nickname': 'christopher'}}, 'name': 'Rocket Man 💄', 'number_of_moves': 28, 'number_of_trades': 0, 'roster_adds': {'coverage_type': 'week', 'coverage_value': 10, 'value': '4'}, 'team_id': '3', 'team_key': '423.l.219013.t.3', 'team_logos': {'team_logo': {'size': 'large', 'url': 'https://yahoofantasysports-res.cloudinary.com/image/upload/t_s192sq/fantasy-logos/26002718789_b0e267.png'}}, 'team_points': {'coverage_type': 'week', 'total': '90.62', 'week': '2'}, 'team_projected_points': {'coverage_type': 'week', 'total': '95.22', 'week': '2'}, 'url': 'https://football.fantasysports.yahoo.com/f1/219013/3', 'waiver_priority': 4, 'win_probability': 1}}, {'team': {'division_id': '1', 'draft_grade': 'B', 'draft_position': 6, 'draft_recap_url': 'https://football.fantasysports.yahoo.com/f1/219013/5/draftrecap', 'faab_balance': '82', 'has_draft_grade': 1, 'league_scoring_type': 'head', 'managers': {'manager': {'guid': 'XHEDWQHX4S2KQRAJVGTHDJ3RJY', 'image_url': 'https://s.yimg.com/ag/images/default_user_profile_pic_64sq.jpg', 'manager_id': '5', 'nickname': 'Erick'}}, 'name': 'Champ’s Chosen Ones', 'number_of_moves': 17, 'number_of_trades': '2', 'roster_adds': {'coverage_type': 'week', 'coverage_value': 10, 'value': '2'}, 'team_id': '5', 'team_key': '423.l.219013.t.5', 'team_logos': {'team_logo': {'size': 'large', 'url': 'https://yahoofantasysports-res.cloudinary.com/image/upload/t_s192sq/fantasy-logos/b4b3d21311b327e6ca044cb220705ceb159a4ae11859d5cb1bc94075f0a31cb9.jpg'}}, 'team_points': {'coverage_type': 'week', 'total': '74.44', 'week': '2'}, 'team_projected_points': {'coverage_type': 'week', 'total': '102.07', 'week': '2'}, 'url': 'https://football.fantasysports.yahoo.com/f1/219013/5', 'waiver_priority': 8, 'win_probability': 0}}], 'week': '2', 'week_end': '2023-09-18', 'week_start': '2023-09-12', 'winner_team_key': '423.l.219013.t.3'}}, {'matchup': {'is_consolation': '0', 'is_matchup_recap_available': 1, 'is_playoffs': '0', 'is_tied': 0, 'matchup_grades': [{'matchup_grade': {'grade': 'D+', 'team_key': '423.l.219013.t.4'}}, {'matchup_grade': {'grade': 'A+', 'team_key': '423.l.219013.t.9'}}], 'matchup_recap_title': 'Luke Menoots Dominates My Fantasy Team in Week 2 Showdown', 'matchup_recap_url': 'https://football.fantasysports.yahoo.com/f1/219013/recap?week=2&mid1=4&mid2=9', 'status': 'postevent', 'teams': [{'team': {'division_id': '2', 'draft_grade': 'B-', 'draft_position': 9, 'draft_recap_url': 'https://football.fantasysports.yahoo.com/f1/219013/4/draftrecap', 'faab_balance': '24', 'has_draft_grade': 1, 'league_scoring_type': 'head', 'managers': {'manager': {'guid': 'JYIB5FKHOAZXS4N2CUFFKO5Q4Y', 'image_url': 'https://s.yimg.com/ag/images/default_user_profile_pic_64sq.jpg', 'manager_id': '4', 'nickname': 'Alex'}}, 'name': 'SHIT CUNT BULLSHIT', 'number_of_moves': 14, 'number_of_trades': '1', 'roster_adds': {'coverage_type': 'week', 'coverage_value': 10, 'value': '0'}, 'team_id': '4', 'team_key': '423.l.219013.t.4', 'team_logos': {'team_logo': {'size': 'large', 'url': 'https://s.yimg.com/cv/apiv2/default/nfl/nfl_3_a.png'}}, 'team_points': {'coverage_type': 'week', 'total': '85.12', 'week': '2'}, 'team_projected_points': {'coverage_type': 'week', 'total': '93.52', 'week': '2'}, 'url': 'https://football.fantasysports.yahoo.com/f1/219013/4', 'waiver_priority': 1, 'win_probability': 0.01}}, {'team': {'division_id': '2', 'draft_grade': 'A+', 'draft_position': 2, 'draft_recap_url': 'https://football.fantasysports.yahoo.com/f1/219013/9/draftrecap', 'faab_balance': '57', 'has_draft_grade': 1, 'league_scoring_type': 'head', 'managers': {'manager': {'guid': 'KMHYZRO62LD24JPFDP2G44AAEE', 'image_url': 'https://s.yimg.com/ag/images/default_user_profile_pic_64sq.jpg', 'manager_id': '9', 'nickname': 'yide'}}, 'name': 'Luke Menoots', 'number_of_moves': 16, 'number_of_trades': 0, 'roster_adds': {'coverage_type': 'week', 'coverage_value': 10, 'value': '2'}, 'team_id': '9', 'team_key': '423.l.219013.t.9', 'team_logos': {'team_logo': {'size': 'large', 'url': 'https://s.yimg.com/cv/apiv2/default/nfl/nfl_4_l.png'}}, 'team_points': {'coverage_type': 'week', 'total': '120.20', 'week': '2'}, 'team_projected_points': {'coverage_type': 'week', 'total': '102.54', 'week': '2'}, 'url': 'https://football.fantasysports.yahoo.com/f1/219013/9', 'waiver_priority': 6, 'win_probability': 0.99}}], 'week': '2', 'week_end': '2023-09-18', 'week_start': '2023-09-12', 'winner_team_key': '423.l.219013.t.9'}}, {'matchup': {'is_consolation': '0', 'is_matchup_recap_available': 1, 'is_playoffs': '0', 'is_tied': 0, 'matchup_grades': [{'matchup_grade': {'grade': 'B+', 'team_key': '423.l.219013.t.6'}}, {'matchup_grade': {'grade': 'C', 'team_key': '423.l.219013.t.10'}}], 'matchup_recap_title': 'Diggs in a Blanket Prevails in Close Battle Against Zynfinity & Beyond', 'matchup_recap_url': 'https://football.fantasysports.yahoo.com/f1/219013/recap?week=2&mid1=6&mid2=10', 'status': 'postevent', 'teams': [{'team': {'division_id': '2', 'draft_grade': 'B', 'draft_position': 10, 'draft_recap_url': 'https://football.fantasysports.yahoo.com/f1/219013/6/draftrecap', 'faab_balance': '69', 'has_draft_grade': 1, 'league_scoring_type': 'head', 'managers': {'manager': {'guid': 'KYDUTDTRLS5SUCBQZ2XQVIZHXY', 'image_url': 'https://s.yimg.com/ag/images/default_user_profile_pic_64sq.jpg', 'manager_id': '6', 'nickname': 'Justin'}}, 'name': 'Diggs in a Blanket', 'number_of_moves': 11, 'number_of_trades': 0, 'roster_adds': {'coverage_type': 'week', 'coverage_value': 10, 'value': '1'}, 'team_id': '6', 'team_key': '423.l.219013.t.6', 'team_logos': {'team_logo': {'size': 'large', 'url': 'https://yahoofantasysports-res.cloudinary.com/image/upload/t_s192sq/fantasy-logos/249a502ce0e9d7139b05e755b1b63b176c351a2f34a72f46bd954635b59e1c99.jpg'}}, 'team_points': {'coverage_type': 'week', 'total': '112.10', 'week': '2'}, 'team_projected_points': {'coverage_type': 'week', 'total': '105.27', 'week': '2'}, 'url': 'https://football.fantasysports.yahoo.com/f1/219013/6', 'waiver_priority': 10, 'win_probability': 1}}, {'team': {'division_id': '1', 'draft_grade': 'F', 'draft_position': 8, 'draft_recap_url': 'https://football.fantasysports.yahoo.com/f1/219013/10/draftrecap', 'faab_balance': '80', 'has_draft_grade': 1, 'league_scoring_type': 'head', 'managers': {'manager': {'guid': 'JP4PWLILXEXEZ2Z5TNVJCDFPMQ', 'image_url': 'https://s.yimg.com/ag/images/default_user_profile_pic_64sq.jpg', 'manager_id': '10', 'nickname': 'Josh'}}, 'name': 'Zynfinity & Beyond', 'number_of_moves': 12, 'number_of_trades': 0, 'roster_adds': {'coverage_type': 'week', 'coverage_value': 10, 'value': '0'}, 'team_id': '10', 'team_key': '423.l.219013.t.10', 'team_logos': {'team_logo': {'size': 'large', 'url': 'https://yahoofantasysports-res.cloudinary.com/image/upload/t_s192sq/fantasy-logos/ac16ed42be345232406ec555b3f49d50f424fa25d3f85fe5c4b250f09c5ee1e1.jpg'}}, 'team_points': {'coverage_type': 'week', 'total': '110.36', 'week': '2'}, 'team_projected_points': {'coverage_type': 'week', 'total': '99.70', 'week': '2'}, 'url': 'https://football.fantasysports.yahoo.com/f1/219013/10', 'waiver_priority': 2, 'win_probability': 0}}], 'week': '2', 'week_end': '2023-09-18', 'week_start': '2023-09-12', 'winner_team_key': '423.l.219013.t.6'}}]"
0,1.0,0,0.0,"[{'matchup_grade': {'grade': 'A+', 'team_key': '423.l.219013.t.1'}}, {'matchup_grade': {'grade': 'D', 'team_key': '423.l.219013.t.8'}}]",P01135809 Dominates BoneZone with A+ Grade,https://football.fantasysports.yahoo.com/f1/219013/recap?week=3&mid1=1&mid2=8,postevent,"[{'team': {'division_id': '1', 'draft_grade': 'D', 'draft_position': 3, 'draft_recap_url': 'https://football.fantasysports.yahoo.com/f1/219013/1/draftrecap', 'faab_balance': '70', 'has_draft_grade': 1, 'league_scoring_type': 'head', 'managers': {'manager': {'guid': 'ADD4MDMU6QB6KKHZ6WPSTZXCWM', 'image_url': 'https://s.yimg.com/ag/images/1836/38534872323_f7eae3_64sq.jpg', 'manager_id': '1', 'nickname': 'danno'}}, 'name': 'P01135809', 'number_of_moves': 24, 'number_of_trades': '1', 'roster_adds': {'coverage_type': 'week', 'coverage_value': 12, 'value': '0'}, 'team_id': '1', 'team_key': '423.l.219013.t.1', 'team_logos': {'team_logo': {'size': 'large', 'url': 'https://yahoofantasysports-res.cloudinary.com/image/upload/t_s192sq/fantasy-logos/39603651843_5cc41f.jpg'}}, 'team_points': {'coverage_type': 'week', 'total': '146.98', 'week': '3'}, 'team_projected_points': {'coverage_type': 'week', 'total': '93.53', 'week': '3'}, 'url': 'https://football.fantasysports.yahoo.com/f1/219013/1', 'waiver_priority': 4, 'win_probability': 1}}, {'team': {'division_id': '2', 'draft_grade': 'D+', 'draft_position': 7, 'draft_recap_url': 'https://football.fantasysports.yahoo.com/f1/219013/8/draftrecap', 'faab_balance': '10', 'has_draft_grade': 1, 'league_scoring_type': 'head', 'managers': {'manager': {'guid': 'GH6EVQYHV77KWSPQ6HMIML2INY', 'image_url': 'https://s.yimg.com/ag/images/default_user_profile_pic_64sq.jpg', 'manager_id': '8', 'nickname': 'Michael'}}, 'name': 'BoneZone', 'number_of_moves': 22, 'number_of_trades': '3', 'roster_adds': {'coverage_type': 'week', 'coverage_value': 12, 'value': '2'}, 'team_id': '8', 'team_key': '423.l.219013.t.8', 'team_logos': {'team_logo': {'size': 'large', 'url': 'https://yahoofantasysports-res.cloudinary.com/image/upload/t_s192sq/fantasy-logos/2d69162507d02142d54f11805eaf391986fce6c112f88dece9fff5484eefe6e8.jpg'}}, 'team_points': {'coverage_type': 'week', 'total': '97.40', 'week': '3'}, 'team_projected_points': {'coverage_type': 'week', 'total': '105.27', 'week': '3'}, 'url': 'https://football.fantasysports.yahoo.com/f1/219013/8', 'waiver_priority': 3, 'win_probability': 0}}]",3,2023-09-25,2023-09-19,423.l.219013.t.1,,
0,1.0,0,0.0,"[{'matchup_grade': {'grade': 'C-', 'team_key': '423.l.219013.t.2'}}, {'matchup_grade': {'grade': 'B+', 'team_key': '423.l.219013.t.9'}}]",Luke Menoots Takes the Win in Close Matchup,https://football.fantasysports.yahoo.com/f1/219013/recap?week=3&mid1=2&mid2=9,postevent,"[{'team': {'division_id': '2', 'draft_grade': 'A+', 'draft_position': 1, 'draft_recap_url': 'https://football.fantasysports.yahoo.com/f1/219013/2/draftrecap', 'faab_balance': '95', 'has_draft_grade': 1, 'league_scoring_type': 'head', 'managers': {'manager': {'guid': '3TMDLXVHHB23GKSNKO5KYRZYNY', 'image_url': 'https://s.yimg.com/ag/images/default_user_profile_pic_64sq.jpg', 'manager_id': '2', 'nickname': 'Justus'}}, 'name': 'PAC 4 Playboys', 'number_of_moves': 7, 'number_of_trades': 0, 'roster_adds': {'coverage_type': 'week', 'coverage_value': 12, 'value': '0'}, 'team_id': '2', 'team_key': '423.l.219013.t.2', 'team_logos': {'team_logo': {'size': 'large', 'url': 'https://s.yimg.com/cv/apiv2/default/nfl/nfl_9_j.png'}}, 'team_points': {'coverage_type': 'week', 'total': '104.02', 'week': '3'}, 'team_projected_points': {'coverage_type': 'week', 'total': '103.95', 'week': '3'}, 'url': 'https://football.fantasysports.yahoo.com/f1/219013/2', 'waiver_priority': 6, 'win_probability': 0}}, {'team': {'division_id': '2', 'draft_grade': 'A+', 'draft_position': 2, 'draft_recap_url': 'https://football.fantasysports.yahoo.com/f1/219013/9/draftrecap', 'faab_balance': '55', 'has_draft_grade': 1, 'league_scoring_type': 'head', 'managers': {'manager': {'guid': 'KMHYZRO62LD24JPFDP2G44AAEE', 'image_url': 'https://s.yimg.com/ag/images/default_user_profile_pic_64sq.jpg', 'manager_id': '9', 'nickname': 'yide'}}, 'name': 'Luke Menoots', 'number_of_moves': 19, 'number_of_trades': 0, 'roster_adds': {'coverage_type': 'week', 'coverage_value': 12, 'value': '1'}, 'team_id': '9', 'team_key': '423.l.219013.t.9', 'team_logos': {'team_logo': {'size': 'large', 'url': 'https://s.yimg.com/cv/apiv2/default/nfl/nfl_4_l.png'}}, 'team_points': {'coverage_type': 'week', 'total': '112.52', 'week': '3'}, 'team_projected_points': {'coverage_type': 'week', 'total': '109.92', 'week': '3'}, 'url': 'https://football.fantasysports.yahoo.com/f1/219013/9', 'waiver_priority': 5, 'win_probability': 1}}]",3,2023-09-25,2023-09-19,423.l.219013.t.9,,
0,1.0,0,0.0,"[{'matchup_grade': {'grade': 'B+', 'team_key': '423.l.219013.t.3'}}, {'matchup_grade': {'grade': 'D+', 'team_key': '423.l.219013.t.10'}}]",Rocket Man 💄 Outshines Zynfinity & Beyond in Fantasy Showdown,https://football.fantasysports.yahoo.com/f1/219013/recap?week=3&mid1=3&mid2=10,postevent,"[{'team': {'division_id': '1', 'draft_grade': 'D+', 'draft_position': 4, 'draft_recap_url': 'https://football.fantasysports.yahoo.com/f1/219013/3/draftrecap', 'faab_balance': '10', 'has_draft_grade': 1, 'league_scoring_type': 'head', 'managers': {'manager': {'guid': 'BF7YOXDHYODW33AFZDW4VQUD5U', 'image_url': 'https://s.yimg.com/ag/images/default_user_profile_pic_64sq.jpg', 'manager_id': '3', 'nickname': 'christopher'}}, 'name': 'Rocket Man 💄', 'number_of_moves': 32, 'number_of_trades': 0, 'roster_adds': {'coverage_type': 'week', 'coverage_value': 12, 'value': '1'}, 'team_id': '3', 'team_key': '423.l.219013.t.3', 'team_logos': {'team_logo': {'size': 'large', 'url': 'https://yahoofantasysports-res.cloudinary.com/image/upload/t_s192sq/fantasy-logos/26002718789_b0e267.png'}}, 'team_points': {'coverage_type': 'week', 'total': '94.48', 'week': '3'}, 'team_projected_points': {'coverage_type': 'week', 'total': '99.53', 'week': '3'}, 'url': 'https://football.fantasysports.yahoo.com/f1/219013/3', 'waiver_priority': 10, 'win_probability': 1}}, {'team': {'division_id': '1', 'draft_grade': 'F', 'draft_position': 8, 'draft_recap_url': 'https://football.fantasysports.yahoo.com/f1/219013/10/draftrecap', 'faab_balance': '80', 'has_draft_grade': 1, 'league_scoring_type': 'head', 'managers': {'manager': {'guid': 'JP4PWLILXEXEZ2Z5TNVJCDFPMQ', 'image_url': 'https://s.yimg.com/ag/images/default_user_profile_pic_64sq.jpg', 'manager_id': '10', 'nickname': 'Josh'}}, 'name': 'Zynfinity & Beyond', 'number_of_moves': 12, 'number_of_trades': 0, 'roster_adds': {'coverage_type': 'week', 'coverage_value': 12, 'value': '0'}, 'team_id': '10', 'team_key': '423.l.219013.t.10', 'team_logos': {'team_logo': {'size': 'large', 'url': 'https://yahoofantasysports-res.cloudinary.com/image/upload/t_s192sq/fantasy-logos/ac16ed42be345232406ec555b3f49d50f424fa25d3f85fe5c4b250f09c5ee1e1.jpg'}}, 'team_points': {'coverage_type': 'week', 'total': '82.54', 'week': '3'}, 'team_projected_points': {'coverage_type': 'week', 'total': '89.58', 'week': '3'}, 'url': 'https://football.fantasysports.yahoo.com/f1/219013/10', 'waiver_priority': 2, 'win_probability': 0}}]",3,2023-09-25,2023-09-19,423.l.219013.t.3,,
0,1.0,0,0.0,"[{'matchup_grade': {'grade': 'C-', 'team_key': '423.l.219013.t.4'}}, {'matchup_grade': {'grade': 'A+', 'team_key': '423.l.219013.t.6'}}]","Diggs in a Blanket Dominates My Fantasy Team, Proving Grades Aren't Everything",https://football.fantasysports.yahoo.com/f1/219013/recap?week=3&mid1=4&mid2=6,postevent,"[{'team': {'division_id': '2', 'draft_grade': 'B-', 'draft_position': 9, 'draft_recap_url': 'https://football.fantasysports.yahoo.com/f1/219013/4/draftrecap', 'faab_balance': '24', 'has_draft_grade': 1, 'league_scoring_type': 'head', 'managers': {'manager': {'guid': 'JYIB5FKHOAZXS4N2CUFFKO5Q4Y', 'image_url': 'https://s.yimg.com/ag/images/default_user_profile_pic_64sq.jpg', 'manager_id': '4', 'nickname': 'Alex'}}, 'name': 'SHIT CUNT BULLSHIT', 'number_of_moves': 15, 'number_of_trades': '1', 'roster_adds': {'coverage_type': 'week', 'coverage_value': 12, 'value': '0'}, 'team_id': '4', 'team_key': '423.l.219013.t.4', 'team_logos': {'team_logo': {'size': 'large', 'url': 'https://s.yimg.com/cv/apiv2/default/nfl/nfl_3_a.png'}}, 'team_points': {'coverage_type': 'week', 'total': '112.94', 'week': '3'}, 'team_projected_points': {'coverage_type': 'week', 'total': '93.82', 'week': '3'}, 'url': 'https://football.fantasysports.yahoo.com/f1/219013/4', 'waiver_priority': 1, 'win_probability': 0}}, {'team': {'clinched_playoffs': 1, 'division_id': '2', 'draft_grade': 'B', 'draft_position': 10, 'draft_recap_url': 'https://football.fantasysports.yahoo.com/f1/219013/6/draftrecap', 'faab_balance': '69', 'has_draft_grade': 1, 'league_scoring_type': 'head', 'managers': {'manager': {'guid': 'KYDUTDTRLS5SUCBQZ2XQVIZHXY', 'image_url': 'https://s.yimg.com/ag/images/default_user_profile_pic_64sq.jpg', 'manager_id': '6', 'nickname': 'Justin'}}, 'name': 'Diggs in a Blanket', 'number_of_moves': 11, 'number_of_trades': '1', 'roster_adds': {'coverage_type': 'week', 'coverage_value': 12, 'value': '0'}, 'team_id': '6', 'team_key': '423.l.219013.t.6', 'team_logos': {'team_logo': {'size': 'large', 'url': 'https://yahoofantasysports-res.cloudinary.com/image/upload/t_s192sq/fantasy-logos/249a502ce0e9d7139b05e755b1b63b176c351a2f34a72f46bd954635b59e1c99.jpg'}}, 'team_points': {'coverage_type': 'week', 'total': '138.86', 'week': '3'}, 'team_projected_points': {'coverage_type': 'week', 'total': '96.44', 'week': '3'}, 'url': 'https://football.fantasysports.yahoo.com/f1/219013/6', 'waiver_priority': 9, 'win_probability': 1}}]",3,2023-09-25,2023-09-19,423.l.219013.t.6,,
0,1.0,0,0.0,"[{'matchup_grade': {'grade': 'A-', 'team_key': '423.l.219013.t.5'}}, {'matchup_grade': {'grade': 'C+', 'team_key': '423.l.219013.t.7'}}]",Champ’s Chosen Ones squeaks by Sharknadoes in nail-biter,https://football.fantasysports.yahoo.com/f1/219013/recap?week=3&mid1=5&mid2=7,postevent,"[{'team': {'division_id': '1', 'draft_grade': 'B', 'draft_position': 6, 'draft_recap_url': 'https://football.fantasysports.yahoo.com/f1/219013/5/draftrecap', 'faab_balance': '77', 'has_draft_grade': 1, 'league_scoring_type': 'head', 'managers': {'manager': {'guid': 'XHEDWQHX4S2KQRAJVGTHDJ3RJY', 'image_url': 'https://s.yimg.com/ag/images/default_user_profile_pic_64sq.jpg', 'manager_id': '5', 'nickname': 'Erick'}}, 'name': 'Champ’s Chosen Ones', 'number_of_moves': 20, 'number_of_trades': '2', 'roster_adds': {'coverage_type': 'week', 'coverage_value': 12, 'value': '0'}, 'team_id': '5', 'team_key': '423.l.219013.t.5', 'team_logos': {'team_logo': {'size': 'large', 'url': 'https://yahoofantasysports-res.cloudinary.com/image/upload/t_s192sq/fantasy-logos/b4b3d21311b327e6ca044cb220705ceb159a4ae11859d5cb1bc94075f0a31cb9.jpg'}}, 'team_points': {'coverage_type': 'week', 'total': '133.06', 'week': '3'}, 'team_projected_points': {'coverage_type': 'week', 'total': '100.60', 'week': '3'}, 'url': 'https://football.fantasysports.yahoo.com/f1/219013/5', 'waiver_priority': 7, 'win_probability': 1}}, {'team': {'clinched_playoffs': 1, 'division_id': '1', 'draft_grade': 'C-', 'draft_position': 5, 'draft_recap_url': 'https://football.fantasysports.yahoo.com/f1/219013/7/draftrecap', 'faab_balance': '54', 'has_draft_grade': 1, 'league_scoring_type': 'head', 'managers': {'manager': {'guid': 'N3MH6WN3FICQKJ4XHD6XAVEGAQ', 'image_url': 'https://s.yimg.com/ag/images/default_user_profile_pic_64sq.jpg', 'manager_id': '7', 'nickname': 'B'}}, 'name': 'Sharknadoes', 'number_of_moves': 13, 'number_of_trades': 0, 'roster_adds': {'coverage_type': 'week', 'coverage_value': 12, 'value': '0'}, 'team_id': '7', 'team_key': '423.l.219013.t.7', 'team_logos': {'team_logo': {'size': 'large', 'url': 'https://s.yimg.com/cv/apiv2/default/nfl/nfl_9_b.png'}}, 'team_points': {'coverage_type': 'week', 'total': '132.14', 'week': '3'}, 'team_projected_points': {'coverage_type': 'week', 'total': '112.22', 'week': '3'}, 'url': 'https://football.fantasysports.yahoo.com/f1/219013/7', 'waiver_priority': 8, 'win_probability': 0}}]",3,2023-09-25,2023-09-19,423.l.219013.t.5,,
0,1.0,0,0.0,"[{'matchup_grade': {'grade': 'D', 'team_key': '423.l.219013.t.1'}}, {'matchup_grade': {'grade': 'A+', 'team_key': '423.l.219013.t.9'}}]",Luke Menoots Dominates P01135809 in Week 4 Showdown,https://football.fantasysports.yahoo.com/f1/219013/recap?week=4&mid1=1&mid2=9,postevent,"[{'team': {'division_id': '1', 'draft_grade': 'D', 'draft_position': 3, 'draft_recap_url': 'https://football.fantasysports.yahoo.com/f1/219013/1/draftrecap', 'faab_balance': '70', 'has_draft_grade': 1, 'league_scoring_type': 'head', 'managers': {'manager': {'guid': 'ADD4MDMU6QB6KKHZ6WPSTZXCWM', 'image_url': 'https://s.yimg.com/ag/images/1836/38534872323_f7eae3_64sq.jpg', 'manager_id': '1', 'nickname': 'danno'}}, 'name': 'P01135809', 'number_of_moves': 22, 'number_of_trades': '1', 'roster_adds': {'coverage_type': 'week', 'coverage_value': 10, 'value': '0'}, 'team_id': '1', 'team_key': '423.l.219013.t.1', 'team_logos': {'team_logo': {'size': 'large', 'url': 'https://yahoofantasysports-res.cloudinary.com/image/upload/t_s192sq/fantasy-logos/39603651843_5cc41f.jpg'}}, 'team_points': {'coverage_type': 'week', 'total': '78.54', 'week': '4'}, 'team_projected_points': {'coverage_type': 'week', 'total': '96.80', 'week': '4'}, 'url': 'https://football.fantasysports.yahoo.com/f1/219013/1', 'waiver_priority': 5, 'win_probability': 0}}, {'team': {'division_id': '2', 'draft_grade': 'A+', 'draft_position': 2, 'draft_recap_url': 'https://football.fantasysports.yahoo.com/f1/219013/9/draftrecap', 'faab_balance': '57', 'has_draft_grade': 1, 'league_scoring_type': 'head', 'managers': {'manager': {'guid': 'KMHYZRO62LD24JPFDP2G44AAEE', 'image_url': 'https://s.yimg.com/ag/images/default_user_profile_pic_64sq.jpg', 'manager_id': '9', 'nickname': 'yide'}}, 'name': 'Luke Menoots', 'number_of_moves': 16, 'number_of_trades': 0, 'roster_adds': {'coverage_type': 'week', 'coverage_value': 10, 'value': '2'}, 'team_id': '9', 'team_key': '423.l.219013.t.9', 'team_logos': {'team_logo': {'size': 'large', 'url': 'https://s.yimg.com/cv/apiv2/default/nfl/nfl_4_l.png'}}, 'team_points': {'coverage_type': 'week', 'total': '130.80', 'week': '4'}, 'team_projected_points': {'coverage_type': 'week', 'total': '108.93', 'week': '4'}, 'url': 'https://football.fantasysports.yahoo.com/f1/219013/9', 'waiver_priority': 6, 'win_probability': 1}}]",4,2023-10-02,2023-09-26,423.l.219013.t.9,,
0,1.0,0,0.0,"[{'matchup_grade': {'grade': 'B+', 'team_key': '423.l.219013.t.2'}}, {'matchup_grade': {'grade': 'C-', 'team_key': '423.l.219013.t.5'}}]",PAC 4 Playboys Takes Down Champ’s Chosen Ones in Close Matchup,https://football.fantasysports.yahoo.com/f1/219013/recap?week=4&mid1=2&mid2=5,postevent,"[{'team': {'division_id': '2', 'draft_grade': 'A+', 'draft_position': 1, 'draft_recap_url': 'https://football.fantasysports.yahoo.com/f1/219013/2/draftrecap', 'faab_balance': '95', 'has_draft_grade': 1, 'league_scoring_type': 'head', 'managers': {'manager': {'guid': '3TMDLXVHHB23GKSNKO5KYRZYNY', 'image_url': 'https://s.yimg.com/ag/images/default_user_profile_pic_64sq.jpg', 'manager_id': '2', 'nickname': 'Justus'}}, 'name': 'PAC 4 Playboys', 'number_of_moves': 7, 'number_of_trades': 0, 'roster_adds': {'coverage_type': 'week', 'coverage_value': 10, 'value': '4'}, 'team_id': '2', 'team_key': '423.l.219013.t.2', 'team_logos': {'team_logo': {'size': 'large', 'url': 'https://s.yimg.com/cv/apiv2/default/nfl/nfl_9_j.png'}}, 'team_points': {'coverage_type': 'week', 'total': '100.84', 'week': '4'}, 'team_projected_points': {'coverage_type': 'week', 'total': '100.67', 'week': '4'}, 'url': 'https://football.fantasysports.yahoo.com/f1/219013/2', 'waiver_priority': 7, 'win_probability': 1}}, {'team': {'division_id': '1', 'draft_grade': 'B', 'draft_position': 6, 'draft_recap_url': 'https://football.fantasysports.yahoo.com/f1/219013/5/draftrecap', 'faab_balance': '82', 'has_draft_grade': 1, 'league_scoring_type': 'head', 'managers': {'manager': {'guid': 'XHEDWQHX4S2KQRAJVGTHDJ3RJY', 'image_url': 'https://s.yimg.com/ag/images/default_user_profile_pic_64sq.jpg', 'manager_id': '5', 'nickname': 'Erick'}}, 'name': 'Champ’s Chosen Ones', 'number_of_moves': 17, 'number_of_trades': '2', 'roster_adds': {'coverage_type': 'week', 'coverage_value': 10, 'value': '2'}, 'team_id': '5', 'team_key': '423.l.219013.t.5', 'team_logos': {'team_logo': {'size': 'large', 'url': 'https://yahoofantasysports-res.cloudinary.com/image/upload/t_s192sq/fantasy-logos/b4b3d21311b327e6ca044cb220705ceb159a4ae11859d5cb1bc94075f0a31cb9.jpg'}}, 'team_points': {'coverage_type': 'week', 'total': '94.70', 'week': '4'}, 'team_projected_points': {'coverage_type': 'week', 'total': '100.04', 'week': '4'}, 'url': 'https://football.fantasysports.yahoo.com/f1/219013/5', 'waiver_priority': 8, 'win_probability': 0}}]",4,2023-10-02,2023-09-26,423.l.219013.t.2,,
0,1.0,0,0.0,"[{'matchup_grade': {'grade': 'D', 'team_key': '423.l.219013.t.3'}}, {'matchup_grade': {'grade': 'A+', 'team_key': '423.l.219013.t.6'}}]",Diggs in a Blanket Dominates Rocket Man 💄 in Week 4 Matchup,https://football.fantasysports.yahoo.com/f1/219013/recap?week=4&mid1=3&mid2=6,postevent,"[{'team': {'division_id': '1', 'draft_grade': 'D+', 'draft_position': 4, 'draft_recap_url': 'https://football.fantasysports.yahoo.com/f1/219013/3/draftrecap', 'faab_balance': '10', 'has_draft_grade': 1, 'league_scoring_type': 'head', 'managers': {'manager': {'guid': 'BF7YOXDHYODW33AFZDW4VQUD5U', 'image_url': 'https://s.yimg.com/ag/images/default_user_profile_pic_64sq.jpg', 'manager_id': '3', 'nickname': 'christopher'}}, 'name': 'Rocket Man 💄', 'number_of_moves': 28, 'number_of_trades': 0, 'roster_adds': {'coverage_type': 'week', 'coverage_value': 10, 'value': '4'}, 'team_id': '3', 'team_key': '423.l.219013.t.3', 'team_logos': {'team_logo': {'size': 'large', 'url': 'https://yahoofantasysports-res.cloudinary.com/image/upload/t_s192sq/fantasy-logos/26002718789_b0e267.png'}}, 'team_points': {'coverage_type': 'week', 'total': '80.48', 'week': '4'}, 'team_projected_points': {'coverage_type': 'week', 'total': '96.34', 'week': '4'}, 'url': 'https://football.fantasysports.yahoo.com/f1/219013/3', 'waiver_priority': 4, 'win_probability': 0}}, {'team': {'division_id': '2', 'draft_grade': 'B', 'draft_position': 10, 'draft_recap_url': 'https://football.fantasysports.yahoo.com/f1/219013/6/draftrecap', 'faab_balance': '69', 'has_draft_grade': 1, 'league_scoring_type': 'head', 'managers': {'manager': {'guid': 'KYDUTDTRLS5SUCBQZ2XQVIZHXY', 'image_url': 'https://s.yimg.com/ag/images/default_user_profile_pic_64sq.jpg', 'manager_id': '6', 'nickname': 'Justin'}}, 'name': 'Diggs in a Blanket', 'number_of_moves': 11, 'number_of_trades': 0, 'roster_adds': {'coverage_type': 'week', 'coverage_value': 10, 'value': '1'}, 'team_id': '6', 'team_key': '423.l.219013.t.6', 'team_logos': {'team_logo': {'size': 'large', 'url': 'https://yahoofantasysports-res.cloudinary.com/image/upload/t_s192sq/fantasy-logos/249a502ce0e9d7139b05e755b1b63b176c351a2f34a72f46bd954635b59e1c99.jpg'}}, 'team_points': {'coverage_type': 'week', 'total': '128.50', 'week': '4'}, 'team_projected_points': {'coverage_type': 'week', 'total': '96.87', 'week': '4'}, 'url': 'https://football.fantasysports.yahoo.com/f1/219013/6', 'waiver_priority': 10, 'win_probability': 1}}]",4,2023-10-02,2023-09-26,423.l.219013.t.6,,
0,1.0,0,0.0,"[{'matchup_grade': {'grade': 'D+', 'team_key': '423.l.219013.t.4'}}, {'matchup_grade': {'grade': 'A', 'team_key': '423.l.219013.t.7'}}]",Sharknadoes Dominates My Fantasy Team with A-Grade Performance,https://football.fantasysports.yahoo.com/f1/219013/recap?week=4&mid1=4&mid2=7,postevent,"[{'team': {'division_id': '2', 'draft_grade': 'B-', 'draft_position': 9, 'draft_recap_url': 'https://football.fantasysports.yahoo.com/f1/219013/4/draftrecap', 'faab_balance': '24', 'has_draft_grade': 1, 'league_scoring_type': 'head', 'managers': {'manager': {'guid': 'JYIB5FKHOAZXS4N2CUFFKO5Q4Y', 'image_url': 'https://s.yimg.com/ag/images/default_user_profile_pic_64sq.jpg', 'manager_id': '4', 'nickname': 'Alex'}}, 'name': 'SHIT CUNT BULLSHIT', 'number_of_moves': 14, 'number_of_trades': '1', 'roster_adds': {'coverage_type': 'week', 'coverage_value': 10, 'value': '0'}, 'team_id': '4', 'team_key': '423.l.219013.t.4', 'team_logos': {'team_logo': {'size': 'large', 'url': 'https://s.yimg.com/cv/apiv2/default/nfl/nfl_3_a.png'}}, 'team_points': {'coverage_type': 'week', 'total': '95.82', 'week': '4'}, 'team_projected_points': {'coverage_type': 'week', 'total': '97.21', 'week': '4'}, 'url': 'https://football.fantasysports.yahoo.com/f1/219013/4', 'waiver_priority': 1, 'win_probability': 0}}, {'team': {'division_id': '1', 'draft_grade': 'C-', 'draft_position': 5, 'draft_recap_url': 'https://football.fantasysports.yahoo.com/f1/219013/7/draftrecap', 'faab_balance': '60', 'has_draft_grade': 1, 'league_scoring_type': 'head', 'managers': {'manager': {'guid': 'N3MH6WN3FICQKJ4XHD6XAVEGAQ', 'image_url': 'https://s.yimg.com/ag/images/default_user_profile_pic_64sq.jpg', 'manager_id': '7', 'nickname': 'B'}}, 'name': 'Sharknadoes', 'number_of_moves': 12, 'number_of_trades': 0, 'roster_adds': {'coverage_type': 'week', 'coverage_value': 10, 'value': '1'}, 'team_id': '7', 'team_key': '423.l.219013.t.7', 'team_logos': {'team_logo': {'size': 'large', 'url': 'https://s.yimg.com/cv/apiv2/default/nfl/nfl_9_b.png'}}, 'team_points': {'coverage_type': 'week', 'total': '119.46', 'week': '4'}, 'team_projected_points': {'coverage_type': 'week', 'total': '104.70', 'week': '4'}, 'url': 'https://football.fantasysports.yahoo.com/f1/219013/7', 'waiver_priority': 9, 'win_probability': 1}}]",4,2023-10-02,2023-09-26,423.l.219013.t.7,,
0,1.0,0,0.0,"[{'matchup_grade': {'grade': 'A-', 'team_key': '423.l.219013.t.8'}}, {'matchup_grade': {'grade': 'D+', 'team_key': '423.l.219013.t.10'}}]",BoneZone Dominates Zynfinity & Beyond in Week 4 Showdown,https://football.fantasysports.yahoo.com/f1/219013/recap?week=4&mid1=8&mid2=10,postevent,"[{'team': {'division_id': '2', 'draft_grade': 'D+', 'draft_position': 7, 'draft_recap_url': 'https://football.fantasysports.yahoo.com/f1/219013/8/draftrecap', 'faab_balance': '10', 'has_draft_grade': 1, 'league_scoring_type': 'head', 'managers': {'manager': {'guid': 'GH6EVQYHV77KWSPQ6HMIML2INY', 'image_url': 'https://s.yimg.com/ag/images/default_user_profile_pic_64sq.jpg', 'manager_id': '8', 'nickname': 'Michael'}}, 'name': 'BoneZone', 'number_of_moves': 20, 'number_of_trades': '2', 'roster_adds': {'coverage_type': 'week', 'coverage_value': 10, 'value': '3'}, 'team_id': '8', 'team_key': '423.l.219013.t.8', 'team_logos': {'team_logo': {'size': 'large', 'url': 'https://yahoofantasysports-res.cloudinary.com/image/upload/t_s192sq/fantasy-logos/2d69162507d02142d54f11805eaf391986fce6c112f88dece9fff5484eefe6e8.jpg'}}, 'team_points': {'coverage_type': 'week', 'total': '99.50', 'week': '4'}, 'team_projected_points': {'coverage_type': 'week', 'total': '100.32', 'week': '4'}, 'url': 'https://football.fantasysports.yahoo.com/f1/219013/8', 'waiver_priority': 3, 'win_probability': 1}}, {'team': {'division_id': '1', 'draft_grade': 'F', 'draft_position': 8, 'draft_recap_url': 'https://football.fantasysports.yahoo.com/f1/219013/10/draftrecap', 'faab_balance': '80', 'has_draft_grade': 1, 'league_scoring_type': 'head', 'managers': {'manager': {'guid': 'JP4PWLILXEXEZ2Z5TNVJCDFPMQ', 'image_url': 'https://s.yimg.com/ag/images/default_user_profile_pic_64sq.jpg', 'manager_id': '10', 'nickname': 'Josh'}}, 'name': 'Zynfinity & Beyond', 'number_of_moves': 12, 'number_of_trades': 0, 'roster_adds': {'coverage_type': 'week', 'coverage_value': 10, 'value': '0'}, 'team_id': '10', 'team_key': '423.l.219013.t.10', 'team_logos': {'team_logo': {'size': 'large', 'url': 'https://yahoofantasysports-res.cloudinary.com/image/upload/t_s192sq/fantasy-logos/ac16ed42be345232406ec555b3f49d50f424fa25d3f85fe5c4b250f09c5ee1e1.jpg'}}, 'team_points': {'coverage_type': 'week', 'total': '80.94', 'week': '4'}, 'team_projected_points': {'coverage_type': 'week', 'total': '81.48', 'week': '4'}, 'url': 'https://football.fantasysports.yahoo.com/f1/219013/10', 'waiver_priority': 2, 'win_probability': 0}}]",4,2023-10-02,2023-09-26,423.l.219013.t.8,,
0,1.0,0,0.0,"[{'matchup_grade': {'grade': 'D', 'team_key': '423.l.219013.t.1'}}, {'matchup_grade': {'grade': 'A', 'team_key': '423.l.219013.t.2'}}]",PAC 4 Playboys Dominates P01135809 in Week 5,https://football.fantasysports.yahoo.com/f1/219013/recap?week=5&mid1=1&mid2=2,postevent,"[{'team': {'division_id': '1', 'draft_grade': 'D', 'draft_position': 3, 'draft_recap_url': 'https://football.fantasysports.yahoo.com/f1/219013/1/draftrecap', 'faab_balance': '70', 'has_draft_grade': 1, 'league_scoring_type': 'head', 'managers': {'manager': {'guid': 'ADD4MDMU6QB6KKHZ6WPSTZXCWM', 'image_url': 'https://s.yimg.com/ag/images/1836/38534872323_f7eae3_64sq.jpg', 'manager_id': '1', 'nickname': 'danno'}}, 'name': 'P01135809', 'number_of_moves': 22, 'number_of_trades': '1', 'roster_adds': {'coverage_type': 'week', 'coverage_value': 10, 'value': '0'}, 'team_id': '1', 'team_key': '423.l.219013.t.1', 'team_logos': {'team_logo': {'size': 'large', 'url': 'https://yahoofantasysports-res.cloudinary.com/image/upload/t_s192sq/fantasy-logos/39603651843_5cc41f.jpg'}}, 'team_points': {'coverage_type': 'week', 'total': '66.62', 'week': '5'}, 'team_projected_points': {'coverage_type': 'week', 'total': '91.25', 'week': '5'}, 'url': 'https://football.fantasysports.yahoo.com/f1/219013/1', 'waiver_priority': 5, 'win_probability': 0}}, {'team': {'division_id': '2', 'draft_grade': 'A+', 'draft_position': 1, 'draft_recap_url': 'https://football.fantasysports.yahoo.com/f1/219013/2/draftrecap', 'faab_balance': '95', 'has_draft_grade': 1, 'league_scoring_type': 'head', 'managers': {'manager': {'guid': '3TMDLXVHHB23GKSNKO5KYRZYNY', 'image_url': 'https://s.yimg.com/ag/images/default_user_profile_pic_64sq.jpg', 'manager_id': '2', 'nickname': 'Justus'}}, 'name': 'PAC 4 Playboys', 'number_of_moves': 7, 'number_of_trades': 0, 'roster_adds': {'coverage_type': 'week', 'coverage_value': 10, 'value': '4'}, 'team_id': '2', 'team_key': '423.l.219013.t.2', 'team_logos': {'team_logo': {'size': 'large', 'url': 'https://s.yimg.com/cv/apiv2/default/nfl/nfl_9_j.png'}}, 'team_points': {'coverage_type': 'week', 'total': '115.54', 'week': '5'}, 'team_projected_points': {'coverage_type': 'week', 'total': '100.21', 'week': '5'}, 'url': 'https://football.fantasysports.yahoo.com/f1/219013/2', 'waiver_priority': 7, 'win_probability': 1}}]",5,2023-10-09,2023-10-03,423.l.219013.t.2,,
0,1.0,0,0.0,"[{'matchup_grade': {'grade': 'A+', 'team_key': '423.l.219013.t.3'}}, {'matchup_grade': {'grade': 'D+', 'team_key': '423.l.219013.t.8'}}]",Rocket Man 💄 Dominates BoneZone with an A+ Grade,https://football.fantasysports.yahoo.com/f1/219013/recap?week=5&mid1=3&mid2=8,postevent,"[{'team': {'division_id': '1', 'draft_grade': 'D+', 'draft_position': 4, 'draft_recap_url': 'https://football.fantasysports.yahoo.com/f1/219013/3/draftrecap', 'faab_balance': '10', 'has_draft_grade': 1, 'league_scoring_type': 'head', 'managers': {'manager': {'guid': 'BF7YOXDHYODW33AFZDW4VQUD5U', 'image_url': 'https://s.yimg.com/ag/images/default_user_profile_pic_64sq.jpg', 'manager_id': '3', 'nickname': 'christopher'}}, 'name': 'Rocket Man 💄', 'number_of_moves': 28, 'number_of_trades': 0, 'roster_adds': {'coverage_type': 'week', 'coverage_value': 10, 'value': '4'}, 'team_id': '3', 'team_key': '423.l.219013.t.3', 'team_logos': {'team_logo': {'size': 'large', 'url': 'https://yahoofantasysports-res.cloudinary.com/image/upload/t_s192sq/fantasy-logos/26002718789_b0e267.png'}}, 'team_points': {'coverage_type': 'week', 'total': '122.66', 'week': '5'}, 'team_projected_points': {'coverage_type': 'week', 'total': '93.56', 'week': '5'}, 'url': 'https://football.fantasysports.yahoo.com/f1/219013/3', 'waiver_priority': 4, 'win_probability': 1}}, {'team': {'division_id': '2', 'draft_grade': 'D+', 'draft_position': 7, 'draft_recap_url': 'https://football.fantasysports.yahoo.com/f1/219013/8/draftrecap', 'faab_balance': '10', 'has_draft_grade': 1, 'league_scoring_type': 'head', 'managers': {'manager': {'guid': 'GH6EVQYHV77KWSPQ6HMIML2INY', 'image_url': 'https://s.yimg.com/ag/images/default_user_profile_pic_64sq.jpg', 'manager_id': '8', 'nickname': 'Michael'}}, 'name': 'BoneZone', 'number_of_moves': 20, 'number_of_trades': '2', 'roster_adds': {'coverage_type': 'week', 'coverage_value': 10, 'value': '3'}, 'team_id': '8', 'team_key': '423.l.219013.t.8', 'team_logos': {'team_logo': {'size': 'large', 'url': 'https://yahoofantasysports-res.cloudinary.com/image/upload/t_s192sq/fantasy-logos/2d69162507d02142d54f11805eaf391986fce6c112f88dece9fff5484eefe6e8.jpg'}}, 'team_points': {'coverage_type': 'week', 'total': '96.76', 'week': '5'}, 'team_projected_points': {'coverage_type': 'week', 'total': '99.82', 'week': '5'}, 'url': 'https://football.fantasysports.yahoo.com/f1/219013/8', 'waiver_priority': 3, 'win_probability': 0}}]",5,2023-10-09,2023-10-03,423.l.219013.t.3,,
0,1.0,0,0.0,"[{'matchup_grade': {'grade': 'C+', 'team_key': '423.l.219013.t.4'}}, {'matchup_grade': {'grade': 'A', 'team_key': '423.l.219013.t.5'}}]",Champ’s Chosen Ones Dominates My Fantasy Team in Week 5 Showdown,https://football.fantasysports.yahoo.com/f1/219013/recap?week=5&mid1=4&mid2=5,postevent,"[{'team': {'division_id': '2', 'draft_grade': 'B-', 'draft_position': 9, 'draft_recap_url': 'https://football.fantasysports.yahoo.com/f1/219013/4/draftrecap', 'faab_balance': '24', 'has_draft_grade': 1, 'league_scoring_type': 'head', 'managers': {'manager': {'guid': 'JYIB5FKHOAZXS4N2CUFFKO5Q4Y', 'image_url': 'https://s.yimg.com/ag/images/default_user_profile_pic_64sq.jpg', 'manager_id': '4', 'nickname': 'Alex'}}, 'name': 'SHIT CUNT BULLSHIT', 'number_of_moves': 14, 'number_of_trades': '1', 'roster_adds': {'coverage_type': 'week', 'coverage_value': 10, 'value': '0'}, 'team_id': '4', 'team_key': '423.l.219013.t.4', 'team_logos': {'team_logo': {'size': 'large', 'url': 'https://s.yimg.com/cv/apiv2/default/nfl/nfl_3_a.png'}}, 'team_points': {'coverage_type': 'week', 'total': '126.22', 'week': '5'}, 'team_projected_points': {'coverage_type': 'week', 'total': '103.64', 'week': '5'}, 'url': 'https://football.fantasysports.yahoo.com/f1/219013/4', 'waiver_priority': 1, 'win_probability': 0}}, {'team': {'division_id': '1', 'draft_grade': 'B', 'draft_position': 6, 'draft_recap_url': 'https://football.fantasysports.yahoo.com/f1/219013/5/draftrecap', 'faab_balance': '82', 'has_draft_grade': 1, 'league_scoring_type': 'head', 'managers': {'manager': {'guid': 'XHEDWQHX4S2KQRAJVGTHDJ3RJY', 'image_url': 'https://s.yimg.com/ag/images/default_user_profile_pic_64sq.jpg', 'manager_id': '5', 'nickname': 'Erick'}}, 'name': 'Champ’s Chosen Ones', 'number_of_moves': 17, 'number_of_trades': '2', 'roster_adds': {'coverage_type': 'week', 'coverage_value': 10, 'value': '2'}, 'team_id': '5', 'team_key': '423.l.219013.t.5', 'team_logos': {'team_logo': {'size': 'large', 'url': 'https://yahoofantasysports-res.cloudinary.com/image/upload/t_s192sq/fantasy-logos/b4b3d21311b327e6ca044cb220705ceb159a4ae11859d5cb1bc94075f0a31cb9.jpg'}}, 'team_points': {'coverage_type': 'week', 'total': '131.60', 'week': '5'}, 'team_projected_points': {'coverage_type': 'week', 'total': '101.47', 'week': '5'}, 'url': 'https://football.fantasysports.yahoo.com/f1/219013/5', 'waiver_priority': 8, 'win_probability': 1}}]",5,2023-10-09,2023-10-03,423.l.219013.t.5,,
0,1.0,0,0.0,"[{'matchup_grade': {'grade': 'A+', 'team_key': '423.l.219013.t.6'}}, {'matchup_grade': {'grade': 'D', 'team_key': '423.l.219013.t.7'}}]",Diggs in a Blanket Dominates Sharknadoes with an A+ Performance,https://football.fantasysports.yahoo.com/f1/219013/recap?week=5&mid1=6&mid2=7,postevent,"[{'team': {'division_id': '2', 'draft_grade': 'B', 'draft_position': 10, 'draft_recap_url': 'https://football.fantasysports.yahoo.com/f1/219013/6/draftrecap', 'faab_balance': '69', 'has_draft_grade': 1, 'league_scoring_type': 'head', 'managers': {'manager': {'guid': 'KYDUTDTRLS5SUCBQZ2XQVIZHXY', 'image_url': 'https://s.yimg.com/ag/images/default_user_profile_pic_64sq.jpg', 'manager_id': '6', 'nickname': 'Justin'}}, 'name': 'Diggs in a Blanket', 'number_of_moves': 11, 'number_of_trades': 0, 'roster_adds': {'coverage_type': 'week', 'coverage_value': 10, 'value': '1'}, 'team_id': '6', 'team_key': '423.l.219013.t.6', 'team_logos': {'team_logo': {'size': 'large', 'url': 'https://yahoofantasysports-res.cloudinary.com/image/upload/t_s192sq/fantasy-logos/249a502ce0e9d7139b05e755b1b63b176c351a2f34a72f46bd954635b59e1c99.jpg'}}, 'team_points': {'coverage_type': 'week', 'total': '145.44', 'week': '5'}, 'team_projected_points': {'coverage_type': 'week', 'total': '93.57', 'week': '5'}, 'url': 'https://football.fantasysports.yahoo.com/f1/219013/6', 'waiver_priority': 10, 'win_probability': 1}}, {'team': {'division_id': '1', 'draft_grade': 'C-', 'draft_position': 5, 'draft_recap_url': 'https://football.fantasysports.yahoo.com/f1/219013/7/draftrecap', 'faab_balance': '60', 'has_draft_grade': 1, 'league_scoring_type': 'head', 'managers': {'manager': {'guid': 'N3MH6WN3FICQKJ4XHD6XAVEGAQ', 'image_url': 'https://s.yimg.com/ag/images/default_user_profile_pic_64sq.jpg', 'manager_id': '7', 'nickname': 'B'}}, 'name': 'Sharknadoes', 'number_of_moves': 12, 'number_of_trades': 0, 'roster_adds': {'coverage_type': 'week', 'coverage_value': 10, 'value': '1'}, 'team_id': '7', 'team_key': '423.l.219013.t.7', 'team_logos': {'team_logo': {'size': 'large', 'url': 'https://s.yimg.com/cv/apiv2/default/nfl/nfl_9_b.png'}}, 'team_points': {'coverage_type': 'week', 'total': '86.98', 'week': '5'}, 'team_projected_points': {'coverage_type': 'week', 'total': '104.63', 'week': '5'}, 'url': 'https://football.fantasysports.yahoo.com/f1/219013/7', 'waiver_priority': 9, 'win_probability': 0}}]",5,2023-10-09,2023-10-03,423.l.219013.t.6,,
0,1.0,0,0.0,"[{'matchup_grade': {'grade': 'D+', 'team_key': '423.l.219013.t.9'}}, {'matchup_grade': {'grade': 'B+', 'team_key': '423.l.219013.t.10'}}]",Zynfinity & Beyond snatches victory from Luke Menoots in a close matchup,https://football.fantasysports.yahoo.com/f1/219013/recap?week=5&mid1=9&mid2=10,postevent,"[{'team': {'division_id': '2', 'draft_grade': 'A+', 'draft_position': 2, 'draft_recap_url': 'https://football.fantasysports.yahoo.com/f1/219013/9/draftrecap', 'faab_balance': '57', 'has_draft_grade': 1, 'league_scoring_type': 'head', 'managers': {'manager': {'guid': 'KMHYZRO62LD24JPFDP2G44AAEE', 'image_url': 'https://s.yimg.com/ag/images/default_user_profile_pic_64sq.jpg', 'manager_id': '9', 'nickname': 'yide'}}, 'name': 'Luke Menoots', 'number_of_moves': 16, 'number_of_trades': 0, 'roster_adds': {'coverage_type': 'week', 'coverage_value': 10, 'value': '2'}, 'team_id': '9', 'team_key': '423.l.219013.t.9', 'team_logos': {'team_logo': {'size': 'large', 'url': 'https://s.yimg.com/cv/apiv2/default/nfl/nfl_4_l.png'}}, 'team_points': {'coverage_type': 'week', 'total': '87.90', 'week': '5'}, 'team_projected_points': {'coverage_type': 'week', 'total': '106.09', 'week': '5'}, 'url': 'https://football.fantasysports.yahoo.com/f1/219013/9', 'waiver_priority': 6, 'win_probability': 0}}, {'team': {'division_id': '1', 'draft_grade': 'F', 'draft_position': 8, 'draft_recap_url': 'https://football.fantasysports.yahoo.com/f1/219013/10/draftrecap', 'faab_balance': '80', 'has_draft_grade': 1, 'league_scoring_type': 'head', 'managers': {'manager': {'guid': 'JP4PWLILXEXEZ2Z5TNVJCDFPMQ', 'image_url': 'https://s.yimg.com/ag/images/default_user_profile_pic_64sq.jpg', 'manager_id': '10', 'nickname': 'Josh'}}, 'name': 'Zynfinity & Beyond', 'number_of_moves': 12, 'number_of_trades': 0, 'roster_adds': {'coverage_type': 'week', 'coverage_value': 10, 'value': '0'}, 'team_id': '10', 'team_key': '423.l.219013.t.10', 'team_logos': {'team_logo': {'size': 'large', 'url': 'https://yahoofantasysports-res.cloudinary.com/image/upload/t_s192sq/fantasy-logos/ac16ed42be345232406ec555b3f49d50f424fa25d3f85fe5c4b250f09c5ee1e1.jpg'}}, 'team_points': {'coverage_type': 'week', 'total': '95.24', 'week': '5'}, 'team_projected_points': {'coverage_type': 'week', 'total': '97.29', 'week': '5'}, 'url': 'https://football.fantasysports.yahoo.com/f1/219013/10', 'waiver_priority': 2, 'win_probability': 1}}]",5,2023-10-09,2023-10-03,423.l.219013.t.10,,
0,1.0,0,0.0,"[{'matchup_grade': {'grade': 'D+', 'team_key': '423.l.219013.t.1'}}, {'matchup_grade': {'grade': 'B-', 'team_key': '423.l.219013.t.10'}}]",Zynfinity & Beyond Snags Victory from P01135809 in Close Matchup,https://football.fantasysports.yahoo.com/f1/219013/recap?week=6&mid1=1&mid2=10,postevent,"[{'team': {'division_id': '1', 'draft_grade': 'D', 'draft_position': 3, 'draft_recap_url': 'https://football.fantasysports.yahoo.com/f1/219013/1/draftrecap', 'faab_balance': '70', 'has_draft_grade': 1, 'league_scoring_type': 'head', 'managers': {'manager': {'guid': 'ADD4MDMU6QB6KKHZ6WPSTZXCWM', 'image_url': 'https://s.yimg.com/ag/images/1836/38534872323_f7eae3_64sq.jpg', 'manager_id': '1', 'nickname': 'danno'}}, 'name': 'P01135809', 'number_of_moves': 22, 'number_of_trades': '1', 'roster_adds': {'coverage_type': 'week', 'coverage_value': 10, 'value': '0'}, 'team_id': '1', 'team_key': '423.l.219013.t.1', 'team_logos': {'team_logo': {'size': 'large', 'url': 'https://yahoofantasysports-res.cloudinary.com/image/upload/t_s192sq/fantasy-logos/39603651843_5cc41f.jpg'}}, 'team_points': {'coverage_type': 'week', 'total': '70.22', 'week': '6'}, 'team_projected_points': {'coverage_type': 'week', 'total': '104.16', 'week': '6'}, 'url': 'https://football.fantasysports.yahoo.com/f1/219013/1', 'waiver_priority': 5, 'win_probability': 0}}, {'team': {'division_id': '1', 'draft_grade': 'F', 'draft_position': 8, 'draft_recap_url': 'https://football.fantasysports.yahoo.com/f1/219013/10/draftrecap', 'faab_balance': '80', 'has_draft_grade': 1, 'league_scoring_type': 'head', 'managers': {'manager': {'guid': 'JP4PWLILXEXEZ2Z5TNVJCDFPMQ', 'image_url': 'https://s.yimg.com/ag/images/default_user_profile_pic_64sq.jpg', 'manager_id': '10', 'nickname': 'Josh'}}, 'name': 'Zynfinity & Beyond', 'number_of_moves': 12, 'number_of_trades': 0, 'roster_adds': {'coverage_type': 'week', 'coverage_value': 10, 'value': '0'}, 'team_id': '10', 'team_key': '423.l.219013.t.10', 'team_logos': {'team_logo': {'size': 'large', 'url': 'https://yahoofantasysports-res.cloudinary.com/image/upload/t_s192sq/fantasy-logos/ac16ed42be345232406ec555b3f49d50f424fa25d3f85fe5c4b250f09c5ee1e1.jpg'}}, 'team_points': {'coverage_type': 'week', 'total': '79.00', 'week': '6'}, 'team_projected_points': {'coverage_type': 'week', 'total': '96.37', 'week': '6'}, 'url': 'https://football.fantasysports.yahoo.com/f1/219013/10', 'waiver_priority': 2, 'win_probability': 1}}]",6,2023-10-16,2023-10-10,423.l.219013.t.10,,
0,1.0,0,0.0,"[{'matchup_grade': {'grade': 'D', 'team_key': '423.l.219013.t.2'}}, {'matchup_grade': {'grade': 'A+', 'team_key': '423.l.219013.t.4'}}]",My Fantasy Team Dominates PAC 4 Playboys with A+ Performance,https://football.fantasysports.yahoo.com/f1/219013/recap?week=6&mid1=2&mid2=4,postevent,"[{'team': {'division_id': '2', 'draft_grade': 'A+', 'draft_position': 1, 'draft_recap_url': 'https://football.fantasysports.yahoo.com/f1/219013/2/draftrecap', 'faab_balance': '95', 'has_draft_grade': 1, 'league_scoring_type': 'head', 'managers': {'manager': {'guid': '3TMDLXVHHB23GKSNKO5KYRZYNY', 'image_url': 'https://s.yimg.com/ag/images/default_user_profile_pic_64sq.jpg', 'manager_id': '2', 'nickname': 'Justus'}}, 'name': 'PAC 4 Playboys', 'number_of_moves': 7, 'number_of_trades': 0, 'roster_adds': {'coverage_type': 'week', 'coverage_value': 10, 'value': '4'}, 'team_id': '2', 'team_key': '423.l.219013.t.2', 'team_logos': {'team_logo': {'size': 'large', 'url': 'https://s.yimg.com/cv/apiv2/default/nfl/nfl_9_j.png'}}, 'team_points': {'coverage_type': 'week', 'total': '82.80', 'week': '6'}, 'team_projected_points': {'coverage_type': 'week', 'total': '101.33', 'week': '6'}, 'url': 'https://football.fantasysports.yahoo.com/f1/219013/2', 'waiver_priority': 7, 'win_probability': 0}}, {'team': {'division_id': '2', 'draft_grade': 'B-', 'draft_position': 9, 'draft_recap_url': 'https://football.fantasysports.yahoo.com/f1/219013/4/draftrecap', 'faab_balance': '24', 'has_draft_grade': 1, 'league_scoring_type': 'head', 'managers': {'manager': {'guid': 'JYIB5FKHOAZXS4N2CUFFKO5Q4Y', 'image_url': 'https://s.yimg.com/ag/images/default_user_profile_pic_64sq.jpg', 'manager_id': '4', 'nickname': 'Alex'}}, 'name': 'SHIT CUNT BULLSHIT', 'number_of_moves': 14, 'number_of_trades': '1', 'roster_adds': {'coverage_type': 'week', 'coverage_value': 10, 'value': '0'}, 'team_id': '4', 'team_key': '423.l.219013.t.4', 'team_logos': {'team_logo': {'size': 'large', 'url': 'https://s.yimg.com/cv/apiv2/default/nfl/nfl_3_a.png'}}, 'team_points': {'coverage_type': 'week', 'total': '123.58', 'week': '6'}, 'team_projected_points': {'coverage_type': 'week', 'total': '103.77', 'week': '6'}, 'url': 'https://football.fantasysports.yahoo.com/f1/219013/4', 'waiver_priority': 1, 'win_probability': 1}}]",6,2023-10-16,2023-10-10,423.l.219013.t.4,,
0,1.0,0,0.0,"[{'matchup_grade': {'grade': 'C', 'team_key': '423.l.219013.t.3'}}, {'matchup_grade': {'grade': 'A-', 'team_key': '423.l.219013.t.7'}}]",Sharknadoes Dominates Rocket Man 💄 in Week 6 Showdown,https://football.fantasysports.yahoo.com/f1/219013/recap?week=6&mid1=3&mid2=7,postevent,"[{'team': {'division_id': '1', 'draft_grade': 'D+', 'draft_position': 4, 'draft_recap_url': 'https://football.fantasysports.yahoo.com/f1/219013/3/draftrecap', 'faab_balance': '10', 'has_draft_grade': 1, 'league_scoring_type': 'head', 'managers': {'manager': {'guid': 'BF7YOXDHYODW33AFZDW4VQUD5U', 'image_url': 'https://s.yimg.com/ag/images/default_user_profile_pic_64sq.jpg', 'manager_id': '3', 'nickname': 'christopher'}}, 'name': 'Rocket Man 💄', 'number_of_moves': 28, 'number_of_trades': 0, 'roster_adds': {'coverage_type': 'week', 'coverage_value': 10, 'value': '4'}, 'team_id': '3', 'team_key': '423.l.219013.t.3', 'team_logos': {'team_logo': {'size': 'large', 'url': 'https://yahoofantasysports-res.cloudinary.com/image/upload/t_s192sq/fantasy-logos/26002718789_b0e267.png'}}, 'team_points': {'coverage_type': 'week', 'total': '104.10', 'week': '6'}, 'team_projected_points': {'coverage_type': 'week', 'total': '93.92', 'week': '6'}, 'url': 'https://football.fantasysports.yahoo.com/f1/219013/3', 'waiver_priority': 4, 'win_probability': 0}}, {'team': {'division_id': '1', 'draft_grade': 'C-', 'draft_position': 5, 'draft_recap_url': 'https://football.fantasysports.yahoo.com/f1/219013/7/draftrecap', 'faab_balance': '60', 'has_draft_grade': 1, 'league_scoring_type': 'head', 'managers': {'manager': {'guid': 'N3MH6WN3FICQKJ4XHD6XAVEGAQ', 'image_url': 'https://s.yimg.com/ag/images/default_user_profile_pic_64sq.jpg', 'manager_id': '7', 'nickname': 'B'}}, 'name': 'Sharknadoes', 'number_of_moves': 12, 'number_of_trades': 0, 'roster_adds': {'coverage_type': 'week', 'coverage_value': 10, 'value': '1'}, 'team_id': '7', 'team_key': '423.l.219013.t.7', 'team_logos': {'team_logo': {'size': 'large', 'url': 'https://s.yimg.com/cv/apiv2/default/nfl/nfl_9_b.png'}}, 'team_points': {'coverage_type': 'week', 'total': '116.22', 'week': '6'}, 'team_projected_points': {'coverage_type': 'week', 'total': '108.24', 'week': '6'}, 'url': 'https://football.fantasysports.yahoo.com/f1/219013/7', 'waiver_priority': 9, 'win_probability': 1}}]",6,2023-10-16,2023-10-10,423.l.219013.t.7,,
0,1.0,0,0.0,"[{'matchup_grade': {'grade': 'A', 'team_key': '423.l.219013.t.5'}}, {'matchup_grade': {'grade': 'D', 'team_key': '423.l.219013.t.9'}}]",Champ’s Chosen Ones Dominates Luke Menoots in Week 6 Showdown,https://football.fantasysports.yahoo.com/f1/219013/recap?week=6&mid1=5&mid2=9,postevent,"[{'team': {'division_id': '1', 'draft_grade': 'B', 'draft_position': 6, 'draft_recap_url': 'https://football.fantasysports.yahoo.com/f1/219013/5/draftrecap', 'faab_balance': '82', 'has_draft_grade': 1, 'league_scoring_type': 'head', 'managers': {'manager': {'guid': 'XHEDWQHX4S2KQRAJVGTHDJ3RJY', 'image_url': 'https://s.yimg.com/ag/images/default_user_profile_pic_64sq.jpg', 'manager_id': '5', 'nickname': 'Erick'}}, 'name': 'Champ’s Chosen Ones', 'number_of_moves': 17, 'number_of_trades': '2', 'roster_adds': {'coverage_type': 'week', 'coverage_value': 10, 'value': '2'}, 'team_id': '5', 'team_key': '423.l.219013.t.5', 'team_logos': {'team_logo': {'size': 'large', 'url': 'https://yahoofantasysports-res.cloudinary.com/image/upload/t_s192sq/fantasy-logos/b4b3d21311b327e6ca044cb220705ceb159a4ae11859d5cb1bc94075f0a31cb9.jpg'}}, 'team_points': {'coverage_type': 'week', 'total': '119.64', 'week': '6'}, 'team_projected_points': {'coverage_type': 'week', 'total': '107.01', 'week': '6'}, 'url': 'https://football.fantasysports.yahoo.com/f1/219013/5', 'waiver_priority': 8, 'win_probability': 1}}, {'team': {'division_id': '2', 'draft_grade': 'A+', 'draft_position': 2, 'draft_recap_url': 'https://football.fantasysports.yahoo.com/f1/219013/9/draftrecap', 'faab_balance': '57', 'has_draft_grade': 1, 'league_scoring_type': 'head', 'managers': {'manager': {'guid': 'KMHYZRO62LD24JPFDP2G44AAEE', 'image_url': 'https://s.yimg.com/ag/images/default_user_profile_pic_64sq.jpg', 'manager_id': '9', 'nickname': 'yide'}}, 'name': 'Luke Menoots', 'number_of_moves': 16, 'number_of_trades': 0, 'roster_adds': {'coverage_type': 'week', 'coverage_value': 10, 'value': '2'}, 'team_id': '9', 'team_key': '423.l.219013.t.9', 'team_logos': {'team_logo': {'size': 'large', 'url': 'https://s.yimg.com/cv/apiv2/default/nfl/nfl_4_l.png'}}, 'team_points': {'coverage_type': 'week', 'total': '89.18', 'week': '6'}, 'team_projected_points': {'coverage_type': 'week', 'total': '110.80', 'week': '6'}, 'url': 'https://football.fantasysports.yahoo.com/f1/219013/9', 'waiver_priority': 6, 'win_probability': 0}}]",6,2023-10-16,2023-10-10,423.l.219013.t.5,,
0,1.0,0,0.0,"[{'matchup_grade': {'grade': 'A-', 'team_key': '423.l.219013.t.6'}}, {'matchup_grade': {'grade': 'D+', 'team_key': '423.l.219013.t.8'}}]",Diggs in a Blanket Dominates BoneZone in Week 6,https://football.fantasysports.yahoo.com/f1/219013/recap?week=6&mid1=6&mid2=8,postevent,"[{'team': {'division_id': '2', 'draft_grade': 'B', 'draft_position': 10, 'draft_recap_url': 'https://football.fantasysports.yahoo.com/f1/219013/6/draftrecap', 'faab_balance': '69', 'has_draft_grade': 1, 'league_scoring_type': 'head', 'managers': {'manager': {'guid': 'KYDUTDTRLS5SUCBQZ2XQVIZHXY', 'image_url': 'https://s.yimg.com/ag/images/default_user_profile_pic_64sq.jpg', 'manager_id': '6', 'nickname': 'Justin'}}, 'name': 'Diggs in a Blanket', 'number_of_moves': 11, 'number_of_trades': 0, 'roster_adds': {'coverage_type': 'week', 'coverage_value': 10, 'value': '1'}, 'team_id': '6', 'team_key': '423.l.219013.t.6', 'team_logos': {'team_logo': {'size': 'large', 'url': 'https://yahoofantasysports-res.cloudinary.com/image/upload/t_s192sq/fantasy-logos/249a502ce0e9d7139b05e755b1b63b176c351a2f34a72f46bd954635b59e1c99.jpg'}}, 'team_points': {'coverage_type': 'week', 'total': '106.32', 'week': '6'}, 'team_projected_points': {'coverage_type': 'week', 'total': '105.02', 'week': '6'}, 'url': 'https://football.fantasysports.yahoo.com/f1/219013/6', 'waiver_priority': 10, 'win_probability': 1}}, {'team': {'division_id': '2', 'draft_grade': 'D+', 'draft_position': 7, 'draft_recap_url': 'https://football.fantasysports.yahoo.com/f1/219013/8/draftrecap', 'faab_balance': '10', 'has_draft_grade': 1, 'league_scoring_type': 'head', 'managers': {'manager': {'guid': 'GH6EVQYHV77KWSPQ6HMIML2INY', 'image_url': 'https://s.yimg.com/ag/images/default_user_profile_pic_64sq.jpg', 'manager_id': '8', 'nickname': 'Michael'}}, 'name': 'BoneZone', 'number_of_moves': 20, 'number_of_trades': '2', 'roster_adds': {'coverage_type': 'week', 'coverage_value': 10, 'value': '3'}, 'team_id': '8', 'team_key': '423.l.219013.t.8', 'team_logos': {'team_logo': {'size': 'large', 'url': 'https://yahoofantasysports-res.cloudinary.com/image/upload/t_s192sq/fantasy-logos/2d69162507d02142d54f11805eaf391986fce6c112f88dece9fff5484eefe6e8.jpg'}}, 'team_points': {'coverage_type': 'week', 'total': '84.84', 'week': '6'}, 'team_projected_points': {'coverage_type': 'week', 'total': '102.19', 'week': '6'}, 'url': 'https://football.fantasysports.yahoo.com/f1/219013/8', 'waiver_priority': 3, 'win_probability': 0}}]",6,2023-10-16,2023-10-10,423.l.219013.t.6,,
0,1.0,0,0.0,"[{'matchup_grade': {'grade': 'B+', 'team_key': '423.l.219013.t.1'}}, {'matchup_grade': {'grade': 'D+', 'team_key': '423.l.219013.t.3'}}]",P01135809 squeaks by Rocket Man 💄 in Week 7,https://football.fantasysports.yahoo.com/f1/219013/recap?week=7&mid1=1&mid2=3,postevent,"[{'team': {'division_id': '1', 'draft_grade': 'D', 'draft_position': 3, 'draft_recap_url': 'https://football.fantasysports.yahoo.com/f1/219013/1/draftrecap', 'faab_balance': '70', 'has_draft_grade': 1, 'league_scoring_type': 'head', 'managers': {'manager': {'guid': 'ADD4MDMU6QB6KKHZ6WPSTZXCWM', 'image_url': 'https://s.yimg.com/ag/images/1836/38534872323_f7eae3_64sq.jpg', 'manager_id': '1', 'nickname': 'danno'}}, 'name': 'P01135809', 'number_of_moves': 22, 'number_of_trades': '1', 'roster_adds': {'coverage_type': 'week', 'coverage_value': 10, 'value': '0'}, 'team_id': '1', 'team_key': '423.l.219013.t.1', 'team_logos': {'team_logo': {'size': 'large', 'url': 'https://yahoofantasysports-res.cloudinary.com/image/upload/t_s192sq/fantasy-logos/39603651843_5cc41f.jpg'}}, 'team_points': {'coverage_type': 'week', 'total': '92.26', 'week': '7'}, 'team_projected_points': {'coverage_type': 'week', 'total': '93.62', 'week': '7'}, 'url': 'https://football.fantasysports.yahoo.com/f1/219013/1', 'waiver_priority': 5, 'win_probability': 1}}, {'team': {'division_id': '1', 'draft_grade': 'D+', 'draft_position': 4, 'draft_recap_url': 'https://football.fantasysports.yahoo.com/f1/219013/3/draftrecap', 'faab_balance': '10', 'has_draft_grade': 1, 'league_scoring_type': 'head', 'managers': {'manager': {'guid': 'BF7YOXDHYODW33AFZDW4VQUD5U', 'image_url': 'https://s.yimg.com/ag/images/default_user_profile_pic_64sq.jpg', 'manager_id': '3', 'nickname': 'christopher'}}, 'name': 'Rocket Man 💄', 'number_of_moves': 28, 'number_of_trades': 0, 'roster_adds': {'coverage_type': 'week', 'coverage_value': 10, 'value': '4'}, 'team_id': '3', 'team_key': '423.l.219013.t.3', 'team_logos': {'team_logo': {'size': 'large', 'url': 'https://yahoofantasysports-res.cloudinary.com/image/upload/t_s192sq/fantasy-logos/26002718789_b0e267.png'}}, 'team_points': {'coverage_type': 'week', 'total': '83.02', 'week': '7'}, 'team_projected_points': {'coverage_type': 'week', 'total': '91.02', 'week': '7'}, 'url': 'https://football.fantasysports.yahoo.com/f1/219013/3', 'waiver_priority': 4, 'win_probability': 0}}]",7,2023-10-23,2023-10-17,423.l.219013.t.1,,
0,1.0,0,0.0,"[{'matchup_grade': {'grade': 'C-', 'team_key': '423.l.219013.t.2'}}, {'matchup_grade': {'grade': 'B+', 'team_key': '423.l.219013.t.7'}}]",Sharknadoes Takes Victory Over PAC 4 Playboys in a Close Matchup,https://football.fantasysports.yahoo.com/f1/219013/recap?week=7&mid1=2&mid2=7,postevent,"[{'team': {'division_id': '2', 'draft_grade': 'A+', 'draft_position': 1, 'draft_recap_url': 'https://football.fantasysports.yahoo.com/f1/219013/2/draftrecap', 'faab_balance': '95', 'has_draft_grade': 1, 'league_scoring_type': 'head', 'managers': {'manager': {'guid': '3TMDLXVHHB23GKSNKO5KYRZYNY', 'image_url': 'https://s.yimg.com/ag/images/default_user_profile_pic_64sq.jpg', 'manager_id': '2', 'nickname': 'Justus'}}, 'name': 'PAC 4 Playboys', 'number_of_moves': 7, 'number_of_trades': 0, 'roster_adds': {'coverage_type': 'week', 'coverage_value': 10, 'value': '4'}, 'team_id': '2', 'team_key': '423.l.219013.t.2', 'team_logos': {'team_logo': {'size': 'large', 'url': 'https://s.yimg.com/cv/apiv2/default/nfl/nfl_9_j.png'}}, 'team_points': {'coverage_type': 'week', 'total': '95.66', 'week': '7'}, 'team_projected_points': {'coverage_type': 'week', 'total': '93.52', 'week': '7'}, 'url': 'https://football.fantasysports.yahoo.com/f1/219013/2', 'waiver_priority': 7, 'win_probability': 0}}, {'team': {'division_id': '1', 'draft_grade': 'C-', 'draft_position': 5, 'draft_recap_url': 'https://football.fantasysports.yahoo.com/f1/219013/7/draftrecap', 'faab_balance': '60', 'has_draft_grade': 1, 'league_scoring_type': 'head', 'managers': {'manager': {'guid': 'N3MH6WN3FICQKJ4XHD6XAVEGAQ', 'image_url': 'https://s.yimg.com/ag/images/default_user_profile_pic_64sq.jpg', 'manager_id': '7', 'nickname': 'B'}}, 'name': 'Sharknadoes', 'number_of_moves': 12, 'number_of_trades': 0, 'roster_adds': {'coverage_type': 'week', 'coverage_value': 10, 'value': '1'}, 'team_id': '7', 'team_key': '423.l.219013.t.7', 'team_logos': {'team_logo': {'size': 'large', 'url': 'https://s.yimg.com/cv/apiv2/default/nfl/nfl_9_b.png'}}, 'team_points': {'coverage_type': 'week', 'total': '99.94', 'week': '7'}, 'team_projected_points': {'coverage_type': 'week', 'total': '98.53', 'week': '7'}, 'url': 'https://football.fantasysports.yahoo.com/f1/219013/7', 'waiver_priority': 9, 'win_probability': 1}}]",7,2023-10-23,2023-10-17,423.l.219013.t.7,,
0,1.0,0,0.0,"[{'matchup_grade': {'grade': 'D+', 'team_key': '423.l.219013.t.4'}}, {'matchup_grade': {'grade': 'A', 'team_key': '423.l.219013.t.8'}}]",BoneZone dominates My Fantasy Team with a grade A performance,https://football.fantasysports.yahoo.com/f1/219013/recap?week=7&mid1=4&mid2=8,postevent,"[{'team': {'division_id': '2', 'draft_grade': 'B-', 'draft_position': 9, 'draft_recap_url': 'https://football.fantasysports.yahoo.com/f1/219013/4/draftrecap', 'faab_balance': '24', 'has_draft_grade': 1, 'league_scoring_type': 'head', 'managers': {'manager': {'guid': 'JYIB5FKHOAZXS4N2CUFFKO5Q4Y', 'image_url': 'https://s.yimg.com/ag/images/default_user_profile_pic_64sq.jpg', 'manager_id': '4', 'nickname': 'Alex'}}, 'name': 'SHIT CUNT BULLSHIT', 'number_of_moves': 14, 'number_of_trades': '1', 'roster_adds': {'coverage_type': 'week', 'coverage_value': 10, 'value': '0'}, 'team_id': '4', 'team_key': '423.l.219013.t.4', 'team_logos': {'team_logo': {'size': 'large', 'url': 'https://s.yimg.com/cv/apiv2/default/nfl/nfl_3_a.png'}}, 'team_points': {'coverage_type': 'week', 'total': '74.98', 'week': '7'}, 'team_projected_points': {'coverage_type': 'week', 'total': '90.38', 'week': '7'}, 'url': 'https://football.fantasysports.yahoo.com/f1/219013/4', 'waiver_priority': 1, 'win_probability': 0}}, {'team': {'division_id': '2', 'draft_grade': 'D+', 'draft_position': 7, 'draft_recap_url': 'https://football.fantasysports.yahoo.com/f1/219013/8/draftrecap', 'faab_balance': '10', 'has_draft_grade': 1, 'league_scoring_type': 'head', 'managers': {'manager': {'guid': 'GH6EVQYHV77KWSPQ6HMIML2INY', 'image_url': 'https://s.yimg.com/ag/images/default_user_profile_pic_64sq.jpg', 'manager_id': '8', 'nickname': 'Michael'}}, 'name': 'BoneZone', 'number_of_moves': 20, 'number_of_trades': '2', 'roster_adds': {'coverage_type': 'week', 'coverage_value': 10, 'value': '3'}, 'team_id': '8', 'team_key': '423.l.219013.t.8', 'team_logos': {'team_logo': {'size': 'large', 'url': 'https://yahoofantasysports-res.cloudinary.com/image/upload/t_s192sq/fantasy-logos/2d69162507d02142d54f11805eaf391986fce6c112f88dece9fff5484eefe6e8.jpg'}}, 'team_points': {'coverage_type': 'week', 'total': '103.54', 'week': '7'}, 'team_projected_points': {'coverage_type': 'week', 'total': '97.52', 'week': '7'}, 'url': 'https://football.fantasysports.yahoo.com/f1/219013/8', 'waiver_priority': 3, 'win_probability': 1}}]",7,2023-10-23,2023-10-17,423.l.219013.t.8,,
0,1.0,0,0.0,"[{'matchup_grade': {'grade': 'A+', 'team_key': '423.l.219013.t.5'}}, {'matchup_grade': {'grade': 'C-', 'team_key': '423.l.219013.t.10'}}]",Champ’s Chosen Ones Dominates Zynfinity & Beyond in Week 7 Showdown,https://football.fantasysports.yahoo.com/f1/219013/recap?week=7&mid1=5&mid2=10,postevent,"[{'team': {'division_id': '1', 'draft_grade': 'B', 'draft_position': 6, 'draft_recap_url': 'https://football.fantasysports.yahoo.com/f1/219013/5/draftrecap', 'faab_balance': '82', 'has_draft_grade': 1, 'league_scoring_type': 'head', 'managers': {'manager': {'guid': 'XHEDWQHX4S2KQRAJVGTHDJ3RJY', 'image_url': 'https://s.yimg.com/ag/images/default_user_profile_pic_64sq.jpg', 'manager_id': '5', 'nickname': 'Erick'}}, 'name': 'Champ’s Chosen Ones', 'number_of_moves': 17, 'number_of_trades': '2', 'roster_adds': {'coverage_type': 'week', 'coverage_value': 10, 'value': '2'}, 'team_id': '5', 'team_key': '423.l.219013.t.5', 'team_logos': {'team_logo': {'size': 'large', 'url': 'https://yahoofantasysports-res.cloudinary.com/image/upload/t_s192sq/fantasy-logos/b4b3d21311b327e6ca044cb220705ceb159a4ae11859d5cb1bc94075f0a31cb9.jpg'}}, 'team_points': {'coverage_type': 'week', 'total': '123.96', 'week': '7'}, 'team_projected_points': {'coverage_type': 'week', 'total': '102.58', 'week': '7'}, 'url': 'https://football.fantasysports.yahoo.com/f1/219013/5', 'waiver_priority': 8, 'win_probability': 0.99}}, {'team': {'division_id': '1', 'draft_grade': 'F', 'draft_position': 8, 'draft_recap_url': 'https://football.fantasysports.yahoo.com/f1/219013/10/draftrecap', 'faab_balance': '80', 'has_draft_grade': 1, 'league_scoring_type': 'head', 'managers': {'manager': {'guid': 'JP4PWLILXEXEZ2Z5TNVJCDFPMQ', 'image_url': 'https://s.yimg.com/ag/images/default_user_profile_pic_64sq.jpg', 'manager_id': '10', 'nickname': 'Josh'}}, 'name': 'Zynfinity & Beyond', 'number_of_moves': 12, 'number_of_trades': 0, 'roster_adds': {'coverage_type': 'week', 'coverage_value': 10, 'value': '0'}, 'team_id': '10', 'team_key': '423.l.219013.t.10', 'team_logos': {'team_logo': {'size': 'large', 'url': 'https://yahoofantasysports-res.cloudinary.com/image/upload/t_s192sq/fantasy-logos/ac16ed42be345232406ec555b3f49d50f424fa25d3f85fe5c4b250f09c5ee1e1.jpg'}}, 'team_points': {'coverage_type': 'week', 'total': '100.58', 'week': '7'}, 'team_projected_points': {'coverage_type': 'week', 'total': '83.06', 'week': '7'}, 'url': 'https://football.fantasysports.yahoo.com/f1/219013/10', 'waiver_priority': 2, 'win_probability': 0.010000000000000009}}]",7,2023-10-23,2023-10-17,423.l.219013.t.5,,
0,1.0,0,0.0,"[{'matchup_grade': {'grade': 'C-', 'team_key': '423.l.219013.t.6'}}, {'matchup_grade': {'grade': 'A-', 'team_key': '423.l.219013.t.9'}}]",Luke Menoots Dominates Diggs in a Blanket in Week 7 Showdown,https://football.fantasysports.yahoo.com/f1/219013/recap?week=7&mid1=6&mid2=9,postevent,"[{'team': {'division_id': '2', 'draft_grade': 'B', 'draft_position': 10, 'draft_recap_url': 'https://football.fantasysports.yahoo.com/f1/219013/6/draftrecap', 'faab_balance': '69', 'has_draft_grade': 1, 'league_scoring_type': 'head', 'managers': {'manager': {'guid': 'KYDUTDTRLS5SUCBQZ2XQVIZHXY', 'image_url': 'https://s.yimg.com/ag/images/default_user_profile_pic_64sq.jpg', 'manager_id': '6', 'nickname': 'Justin'}}, 'name': 'Diggs in a Blanket', 'number_of_moves': 11, 'number_of_trades': 0, 'roster_adds': {'coverage_type': 'week', 'coverage_value': 10, 'value': '1'}, 'team_id': '6', 'team_key': '423.l.219013.t.6', 'team_logos': {'team_logo': {'size': 'large', 'url': 'https://yahoofantasysports-res.cloudinary.com/image/upload/t_s192sq/fantasy-logos/249a502ce0e9d7139b05e755b1b63b176c351a2f34a72f46bd954635b59e1c99.jpg'}}, 'team_points': {'coverage_type': 'week', 'total': '112.56', 'week': '7'}, 'team_projected_points': {'coverage_type': 'week', 'total': '106.14', 'week': '7'}, 'url': 'https://football.fantasysports.yahoo.com/f1/219013/6', 'waiver_priority': 10, 'win_probability': 0}}, {'team': {'division_id': '2', 'draft_grade': 'A+', 'draft_position': 2, 'draft_recap_url': 'https://football.fantasysports.yahoo.com/f1/219013/9/draftrecap', 'faab_balance': '57', 'has_draft_grade': 1, 'league_scoring_type': 'head', 'managers': {'manager': {'guid': 'KMHYZRO62LD24JPFDP2G44AAEE', 'image_url': 'https://s.yimg.com/ag/images/default_user_profile_pic_64sq.jpg', 'manager_id': '9', 'nickname': 'yide'}}, 'name': 'Luke Menoots', 'number_of_moves': 16, 'number_of_trades': 0, 'roster_adds': {'coverage_type': 'week', 'coverage_value': 10, 'value': '2'}, 'team_id': '9', 'team_key': '423.l.219013.t.9', 'team_logos': {'team_logo': {'size': 'large', 'url': 'https://s.yimg.com/cv/apiv2/default/nfl/nfl_4_l.png'}}, 'team_points': {'coverage_type': 'week', 'total': '123.52', 'week': '7'}, 'team_projected_points': {'coverage_type': 'week', 'total': '107.39', 'week': '7'}, 'url': 'https://football.fantasysports.yahoo.com/f1/219013/9', 'waiver_priority': 6, 'win_probability': 1}}]",7,2023-10-23,2023-10-17,423.l.219013.t.9,,
0,1.0,0,0.0,"[{'matchup_grade': {'grade': 'A-', 'team_key': '423.l.219013.t.1'}}, {'matchup_grade': {'grade': 'C', 'team_key': '423.l.219013.t.5'}}]",P01135809 Steals Victory from Champ’s Chosen Ones in a Spooky Showdown,https://football.fantasysports.yahoo.com/f1/219013/recap?week=8&mid1=1&mid2=5,postevent,"[{'team': {'division_id': '1', 'draft_grade': 'D', 'draft_position': 3, 'draft_recap_url': 'https://football.fantasysports.yahoo.com/f1/219013/1/draftrecap', 'faab_balance': '70', 'has_draft_grade': 1, 'league_scoring_type': 'head', 'managers': {'manager': {'guid': 'ADD4MDMU6QB6KKHZ6WPSTZXCWM', 'image_url': 'https://s.yimg.com/ag/images/1836/38534872323_f7eae3_64sq.jpg', 'manager_id': '1', 'nickname': 'danno'}}, 'name': 'P01135809', 'number_of_moves': 29, 'number_of_trades': '1', 'roster_adds': {'coverage_type': 'week', 'coverage_value': 16, 'value': '0'}, 'team_id': '1', 'team_key': '423.l.219013.t.1', 'team_logos': {'team_logo': {'size': 'large', 'url': 'https://yahoofantasysports-res.cloudinary.com/image/upload/t_s192sq/fantasy-logos/39603651843_5cc41f.jpg'}}, 'team_points': {'coverage_type': 'week', 'total': '116.80', 'week': '8'}, 'team_projected_points': {'coverage_type': 'week', 'total': '99.23', 'week': '8'}, 'url': 'https://football.fantasysports.yahoo.com/f1/219013/1', 'waiver_priority': 4, 'win_probability': 1}}, {'team': {'clinched_playoffs': 1, 'division_id': '1', 'draft_grade': 'B', 'draft_position': 6, 'draft_recap_url': 'https://football.fantasysports.yahoo.com/f1/219013/5/draftrecap', 'faab_balance': '17', 'has_draft_grade': 1, 'league_scoring_type': 'head', 'managers': {'manager': {'guid': 'XHEDWQHX4S2KQRAJVGTHDJ3RJY', 'image_url': 'https://s.yimg.com/ag/images/default_user_profile_pic_64sq.jpg', 'manager_id': '5', 'nickname': 'Erick'}}, 'name': 'Champ’s Chosen Ones', 'number_of_moves': 28, 'number_of_trades': '2', 'roster_adds': {'coverage_type': 'week', 'coverage_value': 16, 'value': '2'}, 'team_id': '5', 'team_key': '423.l.219013.t.5', 'team_logos': {'team_logo': {'size': 'large', 'url': 'https://yahoofantasysports-res.cloudinary.com/image/upload/t_s192sq/fantasy-logos/b4b3d21311b327e6ca044cb220705ceb159a4ae11859d5cb1bc94075f0a31cb9.jpg'}}, 'team_points': {'coverage_type': 'week', 'total': '113.98', 'week': '8'}, 'team_projected_points': {'coverage_type': 'week', 'total': '107.32', 'week': '8'}, 'url': 'https://football.fantasysports.yahoo.com/f1/219013/5', 'waiver_priority': 7, 'win_probability': 0}}]",8,2023-10-30,2023-10-24,423.l.219013.t.1,,
0,1.0,0,0.0,"[{'matchup_grade': {'grade': 'A', 'team_key': '423.l.219013.t.2'}}, {'matchup_grade': {'grade': 'C-', 'team_key': '423.l.219013.t.4'}}]",PAC 4 Playboys Tricks My Fantasy Team with Halloween Victory,https://football.fantasysports.yahoo.com/f1/219013/recap?week=8&mid1=2&mid2=4,postevent,"[{'team': {'clinched_playoffs': 1, 'division_id': '2', 'draft_grade': 'A+', 'draft_position': 1, 'draft_recap_url': 'https://football.fantasysports.yahoo.com/f1/219013/2/draftrecap', 'faab_balance': '95', 'has_draft_grade': 1, 'league_scoring_type': 'head', 'managers': {'manager': {'guid': '3TMDLXVHHB23GKSNKO5KYRZYNY', 'image_url': 'https://s.yimg.com/ag/images/default_user_profile_pic_64sq.jpg', 'manager_id': '2', 'nickname': 'Justus'}}, 'name': 'PAC 4 Playboys', 'number_of_moves': 9, 'number_of_trades': 0, 'roster_adds': {'coverage_type': 'week', 'coverage_value': 16, 'value': '0'}, 'team_id': '2', 'team_key': '423.l.219013.t.2', 'team_logos': {'team_logo': {'size': 'large', 'url': 'https://s.yimg.com/cv/apiv2/default/nfl/nfl_9_j.png'}}, 'team_points': {'coverage_type': 'week', 'total': '118.58', 'week': '8'}, 'team_projected_points': {'coverage_type': 'week', 'total': '97.15', 'week': '8'}, 'url': 'https://football.fantasysports.yahoo.com/f1/219013/2', 'waiver_priority': 6, 'win_probability': 1}}, {'team': {'division_id': '2', 'draft_grade': 'B-', 'draft_position': 9, 'draft_recap_url': 'https://football.fantasysports.yahoo.com/f1/219013/4/draftrecap', 'faab_balance': '24', 'has_draft_grade': 1, 'league_scoring_type': 'head', 'managers': {'manager': {'guid': 'JYIB5FKHOAZXS4N2CUFFKO5Q4Y', 'image_url': 'https://s.yimg.com/ag/images/default_user_profile_pic_64sq.jpg', 'manager_id': '4', 'nickname': 'Alex'}}, 'name': 'SHIT CUNT BULLSHIT', 'number_of_moves': 18, 'number_of_trades': '1', 'roster_adds': {'coverage_type': 'week', 'coverage_value': 16, 'value': '0'}, 'team_id': '4', 'team_key': '423.l.219013.t.4', 'team_logos': {'team_logo': {'size': 'large', 'url': 'https://s.yimg.com/cv/apiv2/default/nfl/nfl_3_a.png'}}, 'team_points': {'coverage_type': 'week', 'total': '108.84', 'week': '8'}, 'team_projected_points': {'coverage_type': 'week', 'total': '105.11', 'week': '8'}, 'url': 'https://football.fantasysports.yahoo.com/f1/219013/4', 'waiver_priority': 1, 'win_probability': 0}}]",8,2023-10-30,2023-10-24,423.l.219013.t.2,,
0,1.0,0,0.0,"[{'matchup_grade': {'grade': 'A', 'team_key': '423.l.219013.t.3'}}, {'matchup_grade': {'grade': 'D+', 'team_key': '423.l.219013.t.9'}}]",Rocket Man 💄 Dominates Luke Menoots in Halloween Showdown,https://football.fantasysports.yahoo.com/f1/219013/recap?week=8&mid1=3&mid2=9,postevent,"[{'team': {'division_id': '1', 'draft_grade': 'D+', 'draft_position': 4, 'draft_recap_url': 'https://football.fantasysports.yahoo.com/f1/219013/3/draftrecap', 'faab_balance': '10', 'has_draft_grade': 1, 'league_scoring_type': 'head', 'managers': {'manager': {'guid': 'BF7YOXDHYODW33AFZDW4VQUD5U', 'image_url': 'https://s.yimg.com/ag/images/default_user_profile_pic_64sq.jpg', 'manager_id': '3', 'nickname': 'christopher'}}, 'name': 'Rocket Man 💄', 'number_of_moves': 41, 'number_of_trades': 0, 'roster_adds': {'coverage_type': 'week', 'coverage_value': 16, 'value': '2'}, 'team_id': '3', 'team_key': '423.l.219013.t.3', 'team_logos': {'team_logo': {'size': 'large', 'url': 'https://yahoofantasysports-res.cloudinary.com/image/upload/t_s192sq/fantasy-logos/26002718789_b0e267.png'}}, 'team_points': {'coverage_type': 'week', 'total': '112.10', 'week': '8'}, 'team_projected_points': {'coverage_type': 'week', 'total': '102.60', 'week': '8'}, 'url': 'https://football.fantasysports.yahoo.com/f1/219013/3', 'waiver_priority': 10, 'win_probability': 1}}, {'team': {'clinched_playoffs': 1, 'division_id': '2', 'draft_grade': 'A+', 'draft_position': 2, 'draft_recap_url': 'https://football.fantasysports.yahoo.com/f1/219013/9/draftrecap', 'faab_balance': '36', 'has_draft_grade': 1, 'league_scoring_type': 'head', 'managers': {'manager': {'guid': 'KMHYZRO62LD24JPFDP2G44AAEE', 'image_url': 'https://s.yimg.com/ag/images/default_user_profile_pic_64sq.jpg', 'manager_id': '9', 'nickname': 'yide'}}, 'name': 'Luke Menoots', 'number_of_moves': 22, 'number_of_trades': 0, 'roster_adds': {'coverage_type': 'week', 'coverage_value': 16, 'value': '0'}, 'team_id': '9', 'team_key': '423.l.219013.t.9', 'team_logos': {'team_logo': {'size': 'large', 'url': 'https://s.yimg.com/cv/apiv2/default/nfl/nfl_4_l.png'}}, 'team_points': {'coverage_type': 'week', 'total': '91.20', 'week': '8'}, 'team_projected_points': {'coverage_type': 'week', 'total': '116.72', 'week': '8'}, 'url': 'https://football.fantasysports.yahoo.com/f1/219013/9', 'waiver_priority': 5, 'win_probability': 0}}]",8,2023-10-30,2023-10-24,423.l.219013.t.3,,
0,1.0,0,0.0,"[{'matchup_grade': {'grade': 'C-', 'team_key': '423.l.219013.t.6'}}, {'matchup_grade': {'grade': 'B+', 'team_key': '423.l.219013.t.8'}}]",BoneZone Scares Their Way to a Victory,https://football.fantasysports.yahoo.com/f1/219013/recap?week=8&mid1=6&mid2=8,postevent,"[{'team': {'clinched_playoffs': 1, 'division_id': '2', 'draft_grade': 'B', 'draft_position': 10, 'draft_recap_url': 'https://football.fantasysports.yahoo.com/f1/219013/6/draftrecap', 'faab_balance': '47', 'has_draft_grade': 1, 'league_scoring_type': 'head', 'managers': {'manager': {'guid': 'KYDUTDTRLS5SUCBQZ2XQVIZHXY', 'image_url': 'https://s.yimg.com/ag/images/default_user_profile_pic_64sq.jpg', 'manager_id': '6', 'nickname': 'Justin'}}, 'name': 'Diggs in a Blanket', 'number_of_moves': 15, 'number_of_trades': '1', 'roster_adds': {'coverage_type': 'week', 'coverage_value': 16, 'value': '0'}, 'team_id': '6', 'team_key': '423.l.219013.t.6', 'team_logos': {'team_logo': {'size': 'large', 'url': 'https://yahoofantasysports-res.cloudinary.com/image/upload/t_s192sq/fantasy-logos/249a502ce0e9d7139b05e755b1b63b176c351a2f34a72f46bd954635b59e1c99.jpg'}}, 'team_points': {'coverage_type': 'week', 'total': '99.52', 'week': '8'}, 'team_projected_points': {'coverage_type': 'week', 'total': '110.16', 'week': '8'}, 'url': 'https://football.fantasysports.yahoo.com/f1/219013/6', 'waiver_priority': 9, 'win_probability': 0}}, {'team': {'clinched_playoffs': 1, 'division_id': '2', 'draft_grade': 'D+', 'draft_position': 7, 'draft_recap_url': 'https://football.fantasysports.yahoo.com/f1/219013/8/draftrecap', 'faab_balance': '0', 'has_draft_grade': 1, 'league_scoring_type': 'head', 'managers': {'manager': {'guid': 'GH6EVQYHV77KWSPQ6HMIML2INY', 'image_url': 'https://s.yimg.com/ag/images/default_user_profile_pic_64sq.jpg', 'manager_id': '8', 'nickname': 'Michael'}}, 'name': 'BoneZone', 'number_of_moves': 31, 'number_of_trades': '3', 'roster_adds': {'coverage_type': 'week', 'coverage_value': 16, 'value': '2'}, 'team_id': '8', 'team_key': '423.l.219013.t.8', 'team_logos': {'team_logo': {'size': 'large', 'url': 'https://yahoofantasysports-res.cloudinary.com/image/upload/t_s192sq/fantasy-logos/2d69162507d02142d54f11805eaf391986fce6c112f88dece9fff5484eefe6e8.jpg'}}, 'team_points': {'coverage_type': 'week', 'total': '104.60', 'week': '8'}, 'team_projected_points': {'coverage_type': 'week', 'total': '99.30', 'week': '8'}, 'url': 'https://football.fantasysports.yahoo.com/f1/219013/8', 'waiver_priority': 3, 'win_probability': 1}}]",8,2023-10-30,2023-10-24,423.l.219013.t.8,,
0,1.0,0,0.0,"[{'matchup_grade': {'grade': 'A-', 'team_key': '423.l.219013.t.7'}}, {'matchup_grade': {'grade': 'C-', 'team_key': '423.l.219013.t.10'}}]",Sharknadoes Casts a Spell on Zynfinity & Beyond with a Halloween Victory,https://football.fantasysports.yahoo.com/f1/219013/recap?week=8&mid1=7&mid2=10,postevent,"[{'team': {'clinched_playoffs': 1, 'division_id': '1', 'draft_grade': 'C-', 'draft_position': 5, 'draft_recap_url': 'https://football.fantasysports.yahoo.com/f1/219013/7/draftrecap', 'faab_balance': '54', 'has_draft_grade': 1, 'league_scoring_type': 'head', 'managers': {'manager': {'guid': 'N3MH6WN3FICQKJ4XHD6XAVEGAQ', 'image_url': 'https://s.yimg.com/ag/images/default_user_profile_pic_64sq.jpg', 'manager_id': '7', 'nickname': 'B'}}, 'name': 'Sharknadoes', 'number_of_moves': 21, 'number_of_trades': 0, 'roster_adds': {'coverage_type': 'week', 'coverage_value': 16, 'value': '1'}, 'team_id': '7', 'team_key': '423.l.219013.t.7', 'team_logos': {'team_logo': {'size': 'large', 'url': 'https://s.yimg.com/cv/apiv2/default/nfl/nfl_9_b.png'}}, 'team_points': {'coverage_type': 'week', 'total': '115.88', 'week': '8'}, 'team_projected_points': {'coverage_type': 'week', 'total': '107.30', 'week': '8'}, 'url': 'https://football.fantasysports.yahoo.com/f1/219013/7', 'waiver_priority': 8, 'win_probability': 1}}, {'team': {'division_id': '1', 'draft_grade': 'F', 'draft_position': 8, 'draft_recap_url': 'https://football.fantasysports.yahoo.com/f1/219013/10/draftrecap', 'faab_balance': '80', 'has_draft_grade': 1, 'league_scoring_type': 'head', 'managers': {'manager': {'guid': 'JP4PWLILXEXEZ2Z5TNVJCDFPMQ', 'image_url': 'https://s.yimg.com/ag/images/default_user_profile_pic_64sq.jpg', 'manager_id': '10', 'nickname': 'Josh'}}, 'name': 'Zynfinity & Beyond', 'number_of_moves': 14, 'number_of_trades': 0, 'roster_adds': {'coverage_type': 'week', 'coverage_value': 16, 'value': '0'}, 'team_id': '10', 'team_key': '423.l.219013.t.10', 'team_logos': {'team_logo': {'size': 'large', 'url': 'https://yahoofantasysports-res.cloudinary.com/image/upload/t_s192sq/fantasy-logos/ac16ed42be345232406ec555b3f49d50f424fa25d3f85fe5c4b250f09c5ee1e1.jpg'}}, 'team_points': {'coverage_type': 'week', 'total': '99.92', 'week': '8'}, 'team_projected_points': {'coverage_type': 'week', 'total': '92.88', 'week': '8'}, 'url': 'https://football.fantasysports.yahoo.com/f1/219013/10', 'waiver_priority': 2, 'win_probability': 0}}]",8,2023-10-30,2023-10-24,423.l.219013.t.7,,
0,1.0,0,0.0,"[{'matchup_grade': {'grade': 'C', 'team_key': '423.l.219013.t.1'}}, {'matchup_grade': {'grade': 'A-', 'team_key': '423.l.219013.t.6'}}]",Diggs in a Blanket Dominates P01135809 with an A+ Performance,https://football.fantasysports.yahoo.com/f1/219013/recap?week=9&mid1=1&mid2=6,postevent,"[{'team': {'division_id': '1', 'draft_grade': 'D', 'draft_position': 3, 'draft_recap_url': 'https://football.fantasysports.yahoo.com/f1/219013/1/draftrecap', 'faab_balance': '70', 'has_draft_grade': 1, 'league_scoring_type': 'head', 'managers': {'manager': {'guid': 'ADD4MDMU6QB6KKHZ6WPSTZXCWM', 'image_url': 'https://s.yimg.com/ag/images/1836/38534872323_f7eae3_64sq.jpg', 'manager_id': '1', 'nickname': 'danno'}}, 'name': 'P01135809', 'number_of_moves': 22, 'number_of_trades': '1', 'roster_adds': {'coverage_type': 'week', 'coverage_value': 10, 'value': '0'}, 'team_id': '1', 'team_key': '423.l.219013.t.1', 'team_logos': {'team_logo': {'size': 'large', 'url': 'https://yahoofantasysports-res.cloudinary.com/image/upload/t_s192sq/fantasy-logos/39603651843_5cc41f.jpg'}}, 'team_points': {'coverage_type': 'week', 'total': '104.68', 'week': '9'}, 'team_projected_points': {'coverage_type': 'week', 'total': '91.78', 'week': '9'}, 'url': 'https://football.fantasysports.yahoo.com/f1/219013/1', 'waiver_priority': 5, 'win_probability': 0}}, {'team': {'division_id': '2', 'draft_grade': 'B', 'draft_position': 10, 'draft_recap_url': 'https://football.fantasysports.yahoo.com/f1/219013/6/draftrecap', 'faab_balance': '69', 'has_draft_grade': 1, 'league_scoring_type': 'head', 'managers': {'manager': {'guid': 'KYDUTDTRLS5SUCBQZ2XQVIZHXY', 'image_url': 'https://s.yimg.com/ag/images/default_user_profile_pic_64sq.jpg', 'manager_id': '6', 'nickname': 'Justin'}}, 'name': 'Diggs in a Blanket', 'number_of_moves': 11, 'number_of_trades': 0, 'roster_adds': {'coverage_type': 'week', 'coverage_value': 10, 'value': '1'}, 'team_id': '6', 'team_key': '423.l.219013.t.6', 'team_logos': {'team_logo': {'size': 'large', 'url': 'https://yahoofantasysports-res.cloudinary.com/image/upload/t_s192sq/fantasy-logos/249a502ce0e9d7139b05e755b1b63b176c351a2f34a72f46bd954635b59e1c99.jpg'}}, 'team_points': {'coverage_type': 'week', 'total': '117.00', 'week': '9'}, 'team_projected_points': {'coverage_type': 'week', 'total': '102.28', 'week': '9'}, 'url': 'https://football.fantasysports.yahoo.com/f1/219013/6', 'waiver_priority': 10, 'win_probability': 1}}]",9,2023-11-06,2023-10-31,423.l.219013.t.6,,
0,1.0,0,0.0,"[{'matchup_grade': {'grade': 'A-', 'team_key': '423.l.219013.t.2'}}, {'matchup_grade': {'grade': 'D+', 'team_key': '423.l.219013.t.3'}}]",PAC 4 Playboys Dominates Rocket Man 💄 in Week 9,https://football.fantasysports.yahoo.com/f1/219013/recap?week=9&mid1=2&mid2=3,postevent,"[{'team': {'division_id': '2', 'draft_grade': 'A+', 'draft_position': 1, 'draft_recap_url': 'https://football.fantasysports.yahoo.com/f1/219013/2/draftrecap', 'faab_balance': '95', 'has_draft_grade': 1, 'league_scoring_type': 'head', 'managers': {'manager': {'guid': '3TMDLXVHHB23GKSNKO5KYRZYNY', 'image_url': 'https://s.yimg.com/ag/images/default_user_profile_pic_64sq.jpg', 'manager_id': '2', 'nickname': 'Justus'}}, 'name': 'PAC 4 Playboys', 'number_of_moves': 7, 'number_of_trades': 0, 'roster_adds': {'coverage_type': 'week', 'coverage_value': 10, 'value': '4'}, 'team_id': '2', 'team_key': '423.l.219013.t.2', 'team_logos': {'team_logo': {'size': 'large', 'url': 'https://s.yimg.com/cv/apiv2/default/nfl/nfl_9_j.png'}}, 'team_points': {'coverage_type': 'week', 'total': '89.36', 'week': '9'}, 'team_projected_points': {'coverage_type': 'week', 'total': '75.35', 'week': '9'}, 'url': 'https://football.fantasysports.yahoo.com/f1/219013/2', 'waiver_priority': 7, 'win_probability': 1}}, {'team': {'division_id': '1', 'draft_grade': 'D+', 'draft_position': 4, 'draft_recap_url': 'https://football.fantasysports.yahoo.com/f1/219013/3/draftrecap', 'faab_balance': '10', 'has_draft_grade': 1, 'league_scoring_type': 'head', 'managers': {'manager': {'guid': 'BF7YOXDHYODW33AFZDW4VQUD5U', 'image_url': 'https://s.yimg.com/ag/images/default_user_profile_pic_64sq.jpg', 'manager_id': '3', 'nickname': 'christopher'}}, 'name': 'Rocket Man 💄', 'number_of_moves': 28, 'number_of_trades': 0, 'roster_adds': {'coverage_type': 'week', 'coverage_value': 10, 'value': '4'}, 'team_id': '3', 'team_key': '423.l.219013.t.3', 'team_logos': {'team_logo': {'size': 'large', 'url': 'https://yahoofantasysports-res.cloudinary.com/image/upload/t_s192sq/fantasy-logos/26002718789_b0e267.png'}}, 'team_points': {'coverage_type': 'week', 'total': '76.28', 'week': '9'}, 'team_projected_points': {'coverage_type': 'week', 'total': '98.62', 'week': '9'}, 'url': 'https://football.fantasysports.yahoo.com/f1/219013/3', 'waiver_priority': 4, 'win_probability': 0}}]",9,2023-11-06,2023-10-31,423.l.219013.t.2,,
0,1.0,0,0.0,"[{'matchup_grade': {'grade': 'A-', 'team_key': '423.l.219013.t.4'}}, {'matchup_grade': {'grade': 'D+', 'team_key': '423.l.219013.t.10'}}]",My Fantasy Team Dominates Zynfinity & Beyond in Week 9 Showdown,https://football.fantasysports.yahoo.com/f1/219013/recap?week=9&mid1=4&mid2=10,postevent,"[{'team': {'division_id': '2', 'draft_grade': 'B-', 'draft_position': 9, 'draft_recap_url': 'https://football.fantasysports.yahoo.com/f1/219013/4/draftrecap', 'faab_balance': '24', 'has_draft_grade': 1, 'league_scoring_type': 'head', 'managers': {'manager': {'guid': 'JYIB5FKHOAZXS4N2CUFFKO5Q4Y', 'image_url': 'https://s.yimg.com/ag/images/default_user_profile_pic_64sq.jpg', 'manager_id': '4', 'nickname': 'Alex'}}, 'name': 'SHIT CUNT BULLSHIT', 'number_of_moves': 14, 'number_of_trades': '1', 'roster_adds': {'coverage_type': 'week', 'coverage_value': 10, 'value': '0'}, 'team_id': '4', 'team_key': '423.l.219013.t.4', 'team_logos': {'team_logo': {'size': 'large', 'url': 'https://s.yimg.com/cv/apiv2/default/nfl/nfl_3_a.png'}}, 'team_points': {'coverage_type': 'week', 'total': '94.78', 'week': '9'}, 'team_projected_points': {'coverage_type': 'week', 'total': '97.87', 'week': '9'}, 'url': 'https://football.fantasysports.yahoo.com/f1/219013/4', 'waiver_priority': 1, 'win_probability': 1}}, {'team': {'division_id': '1', 'draft_grade': 'F', 'draft_position': 8, 'draft_recap_url': 'https://football.fantasysports.yahoo.com/f1/219013/10/draftrecap', 'faab_balance': '80', 'has_draft_grade': 1, 'league_scoring_type': 'head', 'managers': {'manager': {'guid': 'JP4PWLILXEXEZ2Z5TNVJCDFPMQ', 'image_url': 'https://s.yimg.com/ag/images/default_user_profile_pic_64sq.jpg', 'manager_id': '10', 'nickname': 'Josh'}}, 'name': 'Zynfinity & Beyond', 'number_of_moves': 12, 'number_of_trades': 0, 'roster_adds': {'coverage_type': 'week', 'coverage_value': 10, 'value': '0'}, 'team_id': '10', 'team_key': '423.l.219013.t.10', 'team_logos': {'team_logo': {'size': 'large', 'url': 'https://yahoofantasysports-res.cloudinary.com/image/upload/t_s192sq/fantasy-logos/ac16ed42be345232406ec555b3f49d50f424fa25d3f85fe5c4b250f09c5ee1e1.jpg'}}, 'team_points': {'coverage_type': 'week', 'total': '74.48', 'week': '9'}, 'team_projected_points': {'coverage_type': 'week', 'total': '85.41', 'week': '9'}, 'url': 'https://football.fantasysports.yahoo.com/f1/219013/10', 'waiver_priority': 2, 'win_probability': 0}}]",9,2023-11-06,2023-10-31,423.l.219013.t.4,,
0,1.0,0,0.0,"[{'matchup_grade': {'grade': 'A', 'team_key': '423.l.219013.t.5'}}, {'matchup_grade': {'grade': 'C', 'team_key': '423.l.219013.t.8'}}]",Champ’s Chosen Ones dominates BoneZone in Week 9 showdown,https://football.fantasysports.yahoo.com/f1/219013/recap?week=9&mid1=5&mid2=8,postevent,"[{'team': {'division_id': '1', 'draft_grade': 'B', 'draft_position': 6, 'draft_recap_url': 'https://football.fantasysports.yahoo.com/f1/219013/5/draftrecap', 'faab_balance': '82', 'has_draft_grade': 1, 'league_scoring_type': 'head', 'managers': {'manager': {'guid': 'XHEDWQHX4S2KQRAJVGTHDJ3RJY', 'image_url': 'https://s.yimg.com/ag/images/default_user_profile_pic_64sq.jpg', 'manager_id': '5', 'nickname': 'Erick'}}, 'name': 'Champ’s Chosen Ones', 'number_of_moves': 17, 'number_of_trades': '2', 'roster_adds': {'coverage_type': 'week', 'coverage_value': 10, 'value': '2'}, 'team_id': '5', 'team_key': '423.l.219013.t.5', 'team_logos': {'team_logo': {'size': 'large', 'url': 'https://yahoofantasysports-res.cloudinary.com/image/upload/t_s192sq/fantasy-logos/b4b3d21311b327e6ca044cb220705ceb159a4ae11859d5cb1bc94075f0a31cb9.jpg'}}, 'team_points': {'coverage_type': 'week', 'total': '123.64', 'week': '9'}, 'team_projected_points': {'coverage_type': 'week', 'total': '101.55', 'week': '9'}, 'url': 'https://football.fantasysports.yahoo.com/f1/219013/5', 'waiver_priority': 8, 'win_probability': 1}}, {'team': {'division_id': '2', 'draft_grade': 'D+', 'draft_position': 7, 'draft_recap_url': 'https://football.fantasysports.yahoo.com/f1/219013/8/draftrecap', 'faab_balance': '10', 'has_draft_grade': 1, 'league_scoring_type': 'head', 'managers': {'manager': {'guid': 'GH6EVQYHV77KWSPQ6HMIML2INY', 'image_url': 'https://s.yimg.com/ag/images/default_user_profile_pic_64sq.jpg', 'manager_id': '8', 'nickname': 'Michael'}}, 'name': 'BoneZone', 'number_of_moves': 20, 'number_of_trades': '2', 'roster_adds': {'coverage_type': 'week', 'coverage_value': 10, 'value': '3'}, 'team_id': '8', 'team_key': '423.l.219013.t.8', 'team_logos': {'team_logo': {'size': 'large', 'url': 'https://yahoofantasysports-res.cloudinary.com/image/upload/t_s192sq/fantasy-logos/2d69162507d02142d54f11805eaf391986fce6c112f88dece9fff5484eefe6e8.jpg'}}, 'team_points': {'coverage_type': 'week', 'total': '110.22', 'week': '9'}, 'team_projected_points': {'coverage_type': 'week', 'total': '92.58', 'week': '9'}, 'url': 'https://football.fantasysports.yahoo.com/f1/219013/8', 'waiver_priority': 3, 'win_probability': 0}}]",9,2023-11-06,2023-10-31,423.l.219013.t.5,,
0,1.0,0,0.0,"[{'matchup_grade': {'grade': 'D+', 'team_key': '423.l.219013.t.7'}}, {'matchup_grade': {'grade': 'A-', 'team_key': '423.l.219013.t.9'}}]",Luke Menoots dominates Sharknadoes with an A-grade performance,https://football.fantasysports.yahoo.com/f1/219013/recap?week=9&mid1=7&mid2=9,postevent,"[{'team': {'division_id': '1', 'draft_grade': 'C-', 'draft_position': 5, 'draft_recap_url': 'https://football.fantasysports.yahoo.com/f1/219013/7/draftrecap', 'faab_balance': '60', 'has_draft_grade': 1, 'league_scoring_type': 'head', 'managers': {'manager': {'guid': 'N3MH6WN3FICQKJ4XHD6XAVEGAQ', 'image_url': 'https://s.yimg.com/ag/images/default_user_profile_pic_64sq.jpg', 'manager_id': '7', 'nickname': 'B'}}, 'name': 'Sharknadoes', 'number_of_moves': 12, 'number_of_trades': 0, 'roster_adds': {'coverage_type': 'week', 'coverage_value': 10, 'value': '1'}, 'team_id': '7', 'team_key': '423.l.219013.t.7', 'team_logos': {'team_logo': {'size': 'large', 'url': 'https://s.yimg.com/cv/apiv2/default/nfl/nfl_9_b.png'}}, 'team_points': {'coverage_type': 'week', 'total': '91.32', 'week': '9'}, 'team_projected_points': {'coverage_type': 'week', 'total': '96.11', 'week': '9'}, 'url': 'https://football.fantasysports.yahoo.com/f1/219013/7', 'waiver_priority': 9, 'win_probability': 0}}, {'team': {'division_id': '2', 'draft_grade': 'A+', 'draft_position': 2, 'draft_recap_url': 'https://football.fantasysports.yahoo.com/f1/219013/9/draftrecap', 'faab_balance': '57', 'has_draft_grade': 1, 'league_scoring_type': 'head', 'managers': {'manager': {'guid': 'KMHYZRO62LD24JPFDP2G44AAEE', 'image_url': 'https://s.yimg.com/ag/images/default_user_profile_pic_64sq.jpg', 'manager_id': '9', 'nickname': 'yide'}}, 'name': 'Luke Menoots', 'number_of_moves': 16, 'number_of_trades': 0, 'roster_adds': {'coverage_type': 'week', 'coverage_value': 10, 'value': '2'}, 'team_id': '9', 'team_key': '423.l.219013.t.9', 'team_logos': {'team_logo': {'size': 'large', 'url': 'https://s.yimg.com/cv/apiv2/default/nfl/nfl_4_l.png'}}, 'team_points': {'coverage_type': 'week', 'total': '103.74', 'week': '9'}, 'team_projected_points': {'coverage_type': 'week', 'total': '93.86', 'week': '9'}, 'url': 'https://football.fantasysports.yahoo.com/f1/219013/9', 'waiver_priority': 6, 'win_probability': 1}}]",9,2023-11-06,2023-10-31,423.l.219013.t.9,,
0,1.0,0,0.0,"[{'matchup_grade': {'grade': 'B', 'team_key': '423.l.219013.t.1'}}, {'matchup_grade': {'grade': 'C-', 'team_key': '423.l.219013.t.4'}}]",P01135809 edges out My Fantasy Team in a nail-biter,https://football.fantasysports.yahoo.com/f1/219013/recap?week=10&mid1=1&mid2=4,postevent,"[{'team': {'division_id': '1', 'draft_grade': 'D', 'draft_position': 3, 'draft_recap_url': 'https://football.fantasysports.yahoo.com/f1/219013/1/draftrecap', 'faab_balance': '70', 'has_draft_grade': 1, 'league_scoring_type': 'head', 'managers': {'manager': {'guid': 'ADD4MDMU6QB6KKHZ6WPSTZXCWM', 'image_url': 'https://s.yimg.com/ag/images/1836/38534872323_f7eae3_64sq.jpg', 'manager_id': '1', 'nickname': 'danno'}}, 'name': 'P01135809', 'number_of_moves': 24, 'number_of_trades': '1', 'roster_adds': {'coverage_type': 'week', 'coverage_value': 11, 'value': '2'}, 'team_id': '1', 'team_key': '423.l.219013.t.1', 'team_logos': {'team_logo': {'size': 'large', 'url': 'https://yahoofantasysports-res.cloudinary.com/image/upload/t_s192sq/fantasy-logos/39603651843_5cc41f.jpg'}}, 'team_points': {'coverage_type': 'week', 'total': '99.34', 'week': '10'}, 'team_projected_points': {'coverage_type': 'week', 'total': '101.35', 'week': '10'}, 'url': 'https://football.fantasysports.yahoo.com/f1/219013/1', 'waiver_priority': 4, 'win_probability': 1}}, {'team': {'division_id': '2', 'draft_grade': 'B-', 'draft_position': 9, 'draft_recap_url': 'https://football.fantasysports.yahoo.com/f1/219013/4/draftrecap', 'faab_balance': '24', 'has_draft_grade': 1, 'league_scoring_type': 'head', 'managers': {'manager': {'guid': 'JYIB5FKHOAZXS4N2CUFFKO5Q4Y', 'image_url': 'https://s.yimg.com/ag/images/default_user_profile_pic_64sq.jpg', 'manager_id': '4', 'nickname': 'Alex'}}, 'name': 'SHIT CUNT BULLSHIT', 'number_of_moves': 15, 'number_of_trades': '1', 'roster_adds': {'coverage_type': 'week', 'coverage_value': 11, 'value': '1'}, 'team_id': '4', 'team_key': '423.l.219013.t.4', 'team_logos': {'team_logo': {'size': 'large', 'url': 'https://s.yimg.com/cv/apiv2/default/nfl/nfl_3_a.png'}}, 'team_points': {'coverage_type': 'week', 'total': '95.48', 'week': '10'}, 'team_projected_points': {'coverage_type': 'week', 'total': '97.28', 'week': '10'}, 'url': 'https://football.fantasysports.yahoo.com/f1/219013/4', 'waiver_priority': 1, 'win_probability': 0}}]",10,2023-11-13,2023-11-07,423.l.219013.t.1,,
0,1.0,0,0.0,"[{'matchup_grade': {'grade': 'A', 'team_key': '423.l.219013.t.2'}}, {'matchup_grade': {'grade': 'C', 'team_key': '423.l.219013.t.10'}}]",PAC 4 Playboys Dominates Zynfinity & Beyond with Stellar Performance,https://football.fantasysports.yahoo.com/f1/219013/recap?week=10&mid1=2&mid2=10,postevent,"[{'team': {'division_id': '2', 'draft_grade': 'A+', 'draft_position': 1, 'draft_recap_url': 'https://football.fantasysports.yahoo.com/f1/219013/2/draftrecap', 'faab_balance': '95', 'has_draft_grade': 1, 'league_scoring_type': 'head', 'managers': {'manager': {'guid': '3TMDLXVHHB23GKSNKO5KYRZYNY', 'image_url': 'https://s.yimg.com/ag/images/default_user_profile_pic_64sq.jpg', 'manager_id': '2', 'nickname': 'Justus'}}, 'name': 'PAC 4 Playboys', 'number_of_moves': 7, 'number_of_trades': 0, 'roster_adds': {'coverage_type': 'week', 'coverage_value': 11, 'value': '0'}, 'team_id': '2', 'team_key': '423.l.219013.t.2', 'team_logos': {'team_logo': {'size': 'large', 'url': 'https://s.yimg.com/cv/apiv2/default/nfl/nfl_9_j.png'}}, 'team_points': {'coverage_type': 'week', 'total': '125.02', 'week': '10'}, 'team_projected_points': {'coverage_type': 'week', 'total': '88.20', 'week': '10'}, 'url': 'https://football.fantasysports.yahoo.com/f1/219013/2', 'waiver_priority': 6, 'win_probability': 1}}, {'team': {'division_id': '1', 'draft_grade': 'F', 'draft_position': 8, 'draft_recap_url': 'https://football.fantasysports.yahoo.com/f1/219013/10/draftrecap', 'faab_balance': '80', 'has_draft_grade': 1, 'league_scoring_type': 'head', 'managers': {'manager': {'guid': 'JP4PWLILXEXEZ2Z5TNVJCDFPMQ', 'image_url': 'https://s.yimg.com/ag/images/default_user_profile_pic_64sq.jpg', 'manager_id': '10', 'nickname': 'Josh'}}, 'name': 'Zynfinity & Beyond', 'number_of_moves': 12, 'number_of_trades': 0, 'roster_adds': {'coverage_type': 'week', 'coverage_value': 11, 'value': '0'}, 'team_id': '10', 'team_key': '423.l.219013.t.10', 'team_logos': {'team_logo': {'size': 'large', 'url': 'https://yahoofantasysports-res.cloudinary.com/image/upload/t_s192sq/fantasy-logos/ac16ed42be345232406ec555b3f49d50f424fa25d3f85fe5c4b250f09c5ee1e1.jpg'}}, 'team_points': {'coverage_type': 'week', 'total': '112.08', 'week': '10'}, 'team_projected_points': {'coverage_type': 'week', 'total': '89.93', 'week': '10'}, 'url': 'https://football.fantasysports.yahoo.com/f1/219013/10', 'waiver_priority': 2, 'win_probability': 0}}]",10,2023-11-13,2023-11-07,423.l.219013.t.2,,
0,1.0,0,0.0,"[{'matchup_grade': {'grade': 'A', 'team_key': '423.l.219013.t.3'}}, {'matchup_grade': {'grade': 'C', 'team_key': '423.l.219013.t.9'}}]",Rocket Man 💄 Takes Down Luke Menoots in Close Matchup,https://football.fantasysports.yahoo.com/f1/219013/recap?week=10&mid1=3&mid2=9,postevent,"[{'team': {'division_id': '1', 'draft_grade': 'D+', 'draft_position': 4, 'draft_recap_url': 'https://football.fantasysports.yahoo.com/f1/219013/3/draftrecap', 'faab_balance': '10', 'has_draft_grade': 1, 'league_scoring_type': 'head', 'managers': {'manager': {'guid': 'BF7YOXDHYODW33AFZDW4VQUD5U', 'image_url': 'https://s.yimg.com/ag/images/default_user_profile_pic_64sq.jpg', 'manager_id': '3', 'nickname': 'christopher'}}, 'name': 'Rocket Man 💄', 'number_of_moves': 31, 'number_of_trades': 0, 'roster_adds': {'coverage_type': 'week', 'coverage_value': 11, 'value': '3'}, 'team_id': '3', 'team_key': '423.l.219013.t.3', 'team_logos': {'team_logo': {'size': 'large', 'url': 'https://yahoofantasysports-res.cloudinary.com/image/upload/t_s192sq/fantasy-logos/26002718789_b0e267.png'}}, 'team_points': {'coverage_type': 'week', 'total': '135.80', 'week': '10'}, 'team_projected_points': {'coverage_type': 'week', 'total': '89.02', 'week': '10'}, 'url': 'https://football.fantasysports.yahoo.com/f1/219013/3', 'waiver_priority': 10, 'win_probability': 1}}, {'team': {'division_id': '2', 'draft_grade': 'A+', 'draft_position': 2, 'draft_recap_url': 'https://football.fantasysports.yahoo.com/f1/219013/9/draftrecap', 'faab_balance': '57', 'has_draft_grade': 1, 'league_scoring_type': 'head', 'managers': {'manager': {'guid': 'KMHYZRO62LD24JPFDP2G44AAEE', 'image_url': 'https://s.yimg.com/ag/images/default_user_profile_pic_64sq.jpg', 'manager_id': '9', 'nickname': 'yide'}}, 'name': 'Luke Menoots', 'number_of_moves': 18, 'number_of_trades': 0, 'roster_adds': {'coverage_type': 'week', 'coverage_value': 11, 'value': '2'}, 'team_id': '9', 'team_key': '423.l.219013.t.9', 'team_logos': {'team_logo': {'size': 'large', 'url': 'https://s.yimg.com/cv/apiv2/default/nfl/nfl_4_l.png'}}, 'team_points': {'coverage_type': 'week', 'total': '124.02', 'week': '10'}, 'team_projected_points': {'coverage_type': 'week', 'total': '103.77', 'week': '10'}, 'url': 'https://football.fantasysports.yahoo.com/f1/219013/9', 'waiver_priority': 5, 'win_probability': 0}}]",10,2023-11-13,2023-11-07,423.l.219013.t.3,,
0,1.0,0,0.0,"[{'matchup_grade': {'grade': 'D+', 'team_key': '423.l.219013.t.5'}}, {'matchup_grade': {'grade': 'A-', 'team_key': '423.l.219013.t.6'}}]",Diggs in a Blanket Dominates Champ’s Chosen Ones with an A-grade Performance,https://football.fantasysports.yahoo.com/f1/219013/recap?week=10&mid1=5&mid2=6,postevent,"[{'team': {'division_id': '1', 'draft_grade': 'B', 'draft_position': 6, 'draft_recap_url': 'https://football.fantasysports.yahoo.com/f1/219013/5/draftrecap', 'faab_balance': '77', 'has_draft_grade': 1, 'league_scoring_type': 'head', 'managers': {'manager': {'guid': 'XHEDWQHX4S2KQRAJVGTHDJ3RJY', 'image_url': 'https://s.yimg.com/ag/images/default_user_profile_pic_64sq.jpg', 'manager_id': '5', 'nickname': 'Erick'}}, 'name': 'Champ’s Chosen Ones', 'number_of_moves': 20, 'number_of_trades': '2', 'roster_adds': {'coverage_type': 'week', 'coverage_value': 11, 'value': '3'}, 'team_id': '5', 'team_key': '423.l.219013.t.5', 'team_logos': {'team_logo': {'size': 'large', 'url': 'https://yahoofantasysports-res.cloudinary.com/image/upload/t_s192sq/fantasy-logos/b4b3d21311b327e6ca044cb220705ceb159a4ae11859d5cb1bc94075f0a31cb9.jpg'}}, 'team_points': {'coverage_type': 'week', 'total': '84.24', 'week': '10'}, 'team_projected_points': {'coverage_type': 'week', 'total': '94.66', 'week': '10'}, 'url': 'https://football.fantasysports.yahoo.com/f1/219013/5', 'waiver_priority': 7, 'win_probability': 0}}, {'team': {'division_id': '2', 'draft_grade': 'B', 'draft_position': 10, 'draft_recap_url': 'https://football.fantasysports.yahoo.com/f1/219013/6/draftrecap', 'faab_balance': '69', 'has_draft_grade': 1, 'league_scoring_type': 'head', 'managers': {'manager': {'guid': 'KYDUTDTRLS5SUCBQZ2XQVIZHXY', 'image_url': 'https://s.yimg.com/ag/images/default_user_profile_pic_64sq.jpg', 'manager_id': '6', 'nickname': 'Justin'}}, 'name': 'Diggs in a Blanket', 'number_of_moves': 11, 'number_of_trades': 0, 'roster_adds': {'coverage_type': 'week', 'coverage_value': 11, 'value': '0'}, 'team_id': '6', 'team_key': '423.l.219013.t.6', 'team_logos': {'team_logo': {'size': 'large', 'url': 'https://yahoofantasysports-res.cloudinary.com/image/upload/t_s192sq/fantasy-logos/249a502ce0e9d7139b05e755b1b63b176c351a2f34a72f46bd954635b59e1c99.jpg'}}, 'team_points': {'coverage_type': 'week', 'total': '102.20', 'week': '10'}, 'team_projected_points': {'coverage_type': 'week', 'total': '102.74', 'week': '10'}, 'url': 'https://football.fantasysports.yahoo.com/f1/219013/6', 'waiver_priority': 9, 'win_probability': 1}}]",10,2023-11-13,2023-11-07,423.l.219013.t.6,,
0,1.0,0,0.0,"[{'matchup_grade': {'grade': 'A+', 'team_key': '423.l.219013.t.7'}}, {'matchup_grade': {'grade': 'C-', 'team_key': '423.l.219013.t.8'}}]",Sharknadoes dominates BoneZone in a lopsided victory,https://football.fantasysports.yahoo.com/f1/219013/recap?week=10&mid1=7&mid2=8,postevent,"[{'team': {'division_id': '1', 'draft_grade': 'C-', 'draft_position': 5, 'draft_recap_url': 'https://football.fantasysports.yahoo.com/f1/219013/7/draftrecap', 'faab_balance': '54', 'has_draft_grade': 1, 'league_scoring_type': 'head', 'managers': {'manager': {'guid': 'N3MH6WN3FICQKJ4XHD6XAVEGAQ', 'image_url': 'https://s.yimg.com/ag/images/default_user_profile_pic_64sq.jpg', 'manager_id': '7', 'nickname': 'B'}}, 'name': 'Sharknadoes', 'number_of_moves': 13, 'number_of_trades': 0, 'roster_adds': {'coverage_type': 'week', 'coverage_value': 11, 'value': '1'}, 'team_id': '7', 'team_key': '423.l.219013.t.7', 'team_logos': {'team_logo': {'size': 'large', 'url': 'https://s.yimg.com/cv/apiv2/default/nfl/nfl_9_b.png'}}, 'team_points': {'coverage_type': 'week', 'total': '136.26', 'week': '10'}, 'team_projected_points': {'coverage_type': 'week', 'total': '102.36', 'week': '10'}, 'url': 'https://football.fantasysports.yahoo.com/f1/219013/7', 'waiver_priority': 8, 'win_probability': 1}}, {'team': {'division_id': '2', 'draft_grade': 'D+', 'draft_position': 7, 'draft_recap_url': 'https://football.fantasysports.yahoo.com/f1/219013/8/draftrecap', 'faab_balance': '10', 'has_draft_grade': 1, 'league_scoring_type': 'head', 'managers': {'manager': {'guid': 'GH6EVQYHV77KWSPQ6HMIML2INY', 'image_url': 'https://s.yimg.com/ag/images/default_user_profile_pic_64sq.jpg', 'manager_id': '8', 'nickname': 'Michael'}}, 'name': 'BoneZone', 'number_of_moves': 20, 'number_of_trades': '2', 'roster_adds': {'coverage_type': 'week', 'coverage_value': 11, 'value': '0'}, 'team_id': '8', 'team_key': '423.l.219013.t.8', 'team_logos': {'team_logo': {'size': 'large', 'url': 'https://yahoofantasysports-res.cloudinary.com/image/upload/t_s192sq/fantasy-logos/2d69162507d02142d54f11805eaf391986fce6c112f88dece9fff5484eefe6e8.jpg'}}, 'team_points': {'coverage_type': 'week', 'total': '114.38', 'week': '10'}, 'team_projected_points': {'coverage_type': 'week', 'total': '97.93', 'week': '10'}, 'url': 'https://football.fantasysports.yahoo.com/f1/219013/8', 'waiver_priority': 3, 'win_probability': 0}}]",10,2023-11-13,2023-11-07,423.l.219013.t.7,,
0,1.0,0,0.0,"[{'matchup_grade': {'grade': 'C', 'team_key': '423.l.219013.t.1'}}, {'matchup_grade': {'grade': 'B+', 'team_key': '423.l.219013.t.7'}}]",Sharknadoes Dominates P01135809 with a B+ Performance,https://football.fantasysports.yahoo.com/f1/219013/recap?week=11&mid1=1&mid2=7,postevent,"[{'team': {'division_id': '1', 'draft_grade': 'D', 'draft_position': 3, 'draft_recap_url': 'https://football.fantasysports.yahoo.com/f1/219013/1/draftrecap', 'faab_balance': '70', 'has_draft_grade': 1, 'league_scoring_type': 'head', 'managers': {'manager': {'guid': 'ADD4MDMU6QB6KKHZ6WPSTZXCWM', 'image_url': 'https://s.yimg.com/ag/images/1836/38534872323_f7eae3_64sq.jpg', 'manager_id': '1', 'nickname': 'danno'}}, 'name': 'P01135809', 'number_of_moves': 24, 'number_of_trades': '1', 'roster_adds': {'coverage_type': 'week', 'coverage_value': 12, 'value': '0'}, 'team_id': '1', 'team_key': '423.l.219013.t.1', 'team_logos': {'team_logo': {'size': 'large', 'url': 'https://yahoofantasysports-res.cloudinary.com/image/upload/t_s192sq/fantasy-logos/39603651843_5cc41f.jpg'}}, 'team_points': {'coverage_type': 'week', 'total': '113.74', 'week': '11'}, 'team_projected_points': {'coverage_type': 'week', 'total': '101.81', 'week': '11'}, 'url': 'https://football.fantasysports.yahoo.com/f1/219013/1', 'waiver_priority': 4, 'win_probability': 0}}, {'team': {'clinched_playoffs': 1, 'division_id': '1', 'draft_grade': 'C-', 'draft_position': 5, 'draft_recap_url': 'https://football.fantasysports.yahoo.com/f1/219013/7/draftrecap', 'faab_balance': '54', 'has_draft_grade': 1, 'league_scoring_type': 'head', 'managers': {'manager': {'guid': 'N3MH6WN3FICQKJ4XHD6XAVEGAQ', 'image_url': 'https://s.yimg.com/ag/images/default_user_profile_pic_64sq.jpg', 'manager_id': '7', 'nickname': 'B'}}, 'name': 'Sharknadoes', 'number_of_moves': 13, 'number_of_trades': 0, 'roster_adds': {'coverage_type': 'week', 'coverage_value': 12, 'value': '0'}, 'team_id': '7', 'team_key': '423.l.219013.t.7', 'team_logos': {'team_logo': {'size': 'large', 'url': 'https://s.yimg.com/cv/apiv2/default/nfl/nfl_9_b.png'}}, 'team_points': {'coverage_type': 'week', 'total': '122.28', 'week': '11'}, 'team_projected_points': {'coverage_type': 'week', 'total': '114.90', 'week': '11'}, 'url': 'https://football.fantasysports.yahoo.com/f1/219013/7', 'waiver_priority': 8, 'win_probability': 1}}]",11,2023-11-20,2023-11-14,423.l.219013.t.7,,
0,1.0,0,0.0,"[{'matchup_grade': {'grade': 'C', 'team_key': '423.l.219013.t.2'}}, {'matchup_grade': {'grade': 'B', 'team_key': '423.l.219013.t.6'}}]",Diggs in a Blanket edges out PAC 4 Playboys in a close matchup,https://football.fantasysports.yahoo.com/f1/219013/recap?week=11&mid1=2&mid2=6,postevent,"[{'team': {'division_id': '2', 'draft_grade': 'A+', 'draft_position': 1, 'draft_recap_url': 'https://football.fantasysports.yahoo.com/f1/219013/2/draftrecap', 'faab_balance': '95', 'has_draft_grade': 1, 'league_scoring_type': 'head', 'managers': {'manager': {'guid': '3TMDLXVHHB23GKSNKO5KYRZYNY', 'image_url': 'https://s.yimg.com/ag/images/default_user_profile_pic_64sq.jpg', 'manager_id': '2', 'nickname': 'Justus'}}, 'name': 'PAC 4 Playboys', 'number_of_moves': 7, 'number_of_trades': 0, 'roster_adds': {'coverage_type': 'week', 'coverage_value': 12, 'value': '0'}, 'team_id': '2', 'team_key': '423.l.219013.t.2', 'team_logos': {'team_logo': {'size': 'large', 'url': 'https://s.yimg.com/cv/apiv2/default/nfl/nfl_9_j.png'}}, 'team_points': {'coverage_type': 'week', 'total': '100.46', 'week': '11'}, 'team_projected_points': {'coverage_type': 'week', 'total': '98.85', 'week': '11'}, 'url': 'https://football.fantasysports.yahoo.com/f1/219013/2', 'waiver_priority': 6, 'win_probability': 0}}, {'team': {'clinched_playoffs': 1, 'division_id': '2', 'draft_grade': 'B', 'draft_position': 10, 'draft_recap_url': 'https://football.fantasysports.yahoo.com/f1/219013/6/draftrecap', 'faab_balance': '69', 'has_draft_grade': 1, 'league_scoring_type': 'head', 'managers': {'manager': {'guid': 'KYDUTDTRLS5SUCBQZ2XQVIZHXY', 'image_url': 'https://s.yimg.com/ag/images/default_user_profile_pic_64sq.jpg', 'manager_id': '6', 'nickname': 'Justin'}}, 'name': 'Diggs in a Blanket', 'number_of_moves': 11, 'number_of_trades': '1', 'roster_adds': {'coverage_type': 'week', 'coverage_value': 12, 'value': '0'}, 'team_id': '6', 'team_key': '423.l.219013.t.6', 'team_logos': {'team_logo': {'size': 'large', 'url': 'https://yahoofantasysports-res.cloudinary.com/image/upload/t_s192sq/fantasy-logos/249a502ce0e9d7139b05e755b1b63b176c351a2f34a72f46bd954635b59e1c99.jpg'}}, 'team_points': {'coverage_type': 'week', 'total': '102.00', 'week': '11'}, 'team_projected_points': {'coverage_type': 'week', 'total': '100.36', 'week': '11'}, 'url': 'https://football.fantasysports.yahoo.com/f1/219013/6', 'waiver_priority': 9, 'win_probability': 1}}]",11,2023-11-20,2023-11-14,423.l.219013.t.6,,
0,1.0,0,0.0,"[{'matchup_grade': {'grade': 'C-', 'team_key': '423.l.219013.t.3'}}, {'matchup_grade': {'grade': 'B-', 'team_key': '423.l.219013.t.5'}}]",Champ’s Chosen Ones squeaks by Rocket Man 💄 in a nail-biter,https://football.fantasysports.yahoo.com/f1/219013/recap?week=11&mid1=3&mid2=5,postevent,"[{'team': {'division_id': '1', 'draft_grade': 'D+', 'draft_position': 4, 'draft_recap_url': 'https://football.fantasysports.yahoo.com/f1/219013/3/draftrecap', 'faab_balance': '10', 'has_draft_grade': 1, 'league_scoring_type': 'head', 'managers': {'manager': {'guid': 'BF7YOXDHYODW33AFZDW4VQUD5U', 'image_url': 'https://s.yimg.com/ag/images/default_user_profile_pic_64sq.jpg', 'manager_id': '3', 'nickname': 'christopher'}}, 'name': 'Rocket Man 💄', 'number_of_moves': 32, 'number_of_trades': 0, 'roster_adds': {'coverage_type': 'week', 'coverage_value': 12, 'value': '1'}, 'team_id': '3', 'team_key': '423.l.219013.t.3', 'team_logos': {'team_logo': {'size': 'large', 'url': 'https://yahoofantasysports-res.cloudinary.com/image/upload/t_s192sq/fantasy-logos/26002718789_b0e267.png'}}, 'team_points': {'coverage_type': 'week', 'total': '86.80', 'week': '11'}, 'team_projected_points': {'coverage_type': 'week', 'total': '93.80', 'week': '11'}, 'url': 'https://football.fantasysports.yahoo.com/f1/219013/3', 'waiver_priority': 10, 'win_probability': 0}}, {'team': {'division_id': '1', 'draft_grade': 'B', 'draft_position': 6, 'draft_recap_url': 'https://football.fantasysports.yahoo.com/f1/219013/5/draftrecap', 'faab_balance': '77', 'has_draft_grade': 1, 'league_scoring_type': 'head', 'managers': {'manager': {'guid': 'XHEDWQHX4S2KQRAJVGTHDJ3RJY', 'image_url': 'https://s.yimg.com/ag/images/default_user_profile_pic_64sq.jpg', 'manager_id': '5', 'nickname': 'Erick'}}, 'name': 'Champ’s Chosen Ones', 'number_of_moves': 20, 'number_of_trades': '2', 'roster_adds': {'coverage_type': 'week', 'coverage_value': 12, 'value': '0'}, 'team_id': '5', 'team_key': '423.l.219013.t.5', 'team_logos': {'team_logo': {'size': 'large', 'url': 'https://yahoofantasysports-res.cloudinary.com/image/upload/t_s192sq/fantasy-logos/b4b3d21311b327e6ca044cb220705ceb159a4ae11859d5cb1bc94075f0a31cb9.jpg'}}, 'team_points': {'coverage_type': 'week', 'total': '88.30', 'week': '11'}, 'team_projected_points': {'coverage_type': 'week', 'total': '102.66', 'week': '11'}, 'url': 'https://football.fantasysports.yahoo.com/f1/219013/5', 'waiver_priority': 7, 'win_probability': 1}}]",11,2023-11-20,2023-11-14,423.l.219013.t.5,,
0,1.0,0,0.0,"[{'matchup_grade': {'grade': 'D', 'team_key': '423.l.219013.t.4'}}, {'matchup_grade': {'grade': 'A-', 'team_key': '423.l.219013.t.9'}}]",Luke Menoots Dominates My Fantasy Team with an A+ Performance,https://football.fantasysports.yahoo.com/f1/219013/recap?week=11&mid1=4&mid2=9,postevent,"[{'team': {'division_id': '2', 'draft_grade': 'B-', 'draft_position': 9, 'draft_recap_url': 'https://football.fantasysports.yahoo.com/f1/219013/4/draftrecap', 'faab_balance': '24', 'has_draft_grade': 1, 'league_scoring_type': 'head', 'managers': {'manager': {'guid': 'JYIB5FKHOAZXS4N2CUFFKO5Q4Y', 'image_url': 'https://s.yimg.com/ag/images/default_user_profile_pic_64sq.jpg', 'manager_id': '4', 'nickname': 'Alex'}}, 'name': 'SHIT CUNT BULLSHIT', 'number_of_moves': 15, 'number_of_trades': '1', 'roster_adds': {'coverage_type': 'week', 'coverage_value': 12, 'value': '0'}, 'team_id': '4', 'team_key': '423.l.219013.t.4', 'team_logos': {'team_logo': {'size': 'large', 'url': 'https://s.yimg.com/cv/apiv2/default/nfl/nfl_3_a.png'}}, 'team_points': {'coverage_type': 'week', 'total': '76.04', 'week': '11'}, 'team_projected_points': {'coverage_type': 'week', 'total': '98.39', 'week': '11'}, 'url': 'https://football.fantasysports.yahoo.com/f1/219013/4', 'waiver_priority': 1, 'win_probability': 0}}, {'team': {'division_id': '2', 'draft_grade': 'A+', 'draft_position': 2, 'draft_recap_url': 'https://football.fantasysports.yahoo.com/f1/219013/9/draftrecap', 'faab_balance': '55', 'has_draft_grade': 1, 'league_scoring_type': 'head', 'managers': {'manager': {'guid': 'KMHYZRO62LD24JPFDP2G44AAEE', 'image_url': 'https://s.yimg.com/ag/images/default_user_profile_pic_64sq.jpg', 'manager_id': '9', 'nickname': 'yide'}}, 'name': 'Luke Menoots', 'number_of_moves': 19, 'number_of_trades': 0, 'roster_adds': {'coverage_type': 'week', 'coverage_value': 12, 'value': '1'}, 'team_id': '9', 'team_key': '423.l.219013.t.9', 'team_logos': {'team_logo': {'size': 'large', 'url': 'https://s.yimg.com/cv/apiv2/default/nfl/nfl_4_l.png'}}, 'team_points': {'coverage_type': 'week', 'total': '111.06', 'week': '11'}, 'team_projected_points': {'coverage_type': 'week', 'total': '111.31', 'week': '11'}, 'url': 'https://football.fantasysports.yahoo.com/f1/219013/9', 'waiver_priority': 5, 'win_probability': 1}}]",11,2023-11-20,2023-11-14,423.l.219013.t.9,,
0,1.0,0,0.0,"[{'matchup_grade': {'grade': 'C-', 'team_key': '423.l.219013.t.8'}}, {'matchup_grade': {'grade': 'B+', 'team_key': '423.l.219013.t.10'}}]",Zynfinity & Beyond barely squeaks by BoneZone in nail-biter,https://football.fantasysports.yahoo.com/f1/219013/recap?week=11&mid1=8&mid2=10,postevent,"[{'team': {'division_id': '2', 'draft_grade': 'D+', 'draft_position': 7, 'draft_recap_url': 'https://football.fantasysports.yahoo.com/f1/219013/8/draftrecap', 'faab_balance': '10', 'has_draft_grade': 1, 'league_scoring_type': 'head', 'managers': {'manager': {'guid': 'GH6EVQYHV77KWSPQ6HMIML2INY', 'image_url': 'https://s.yimg.com/ag/images/default_user_profile_pic_64sq.jpg', 'manager_id': '8', 'nickname': 'Michael'}}, 'name': 'BoneZone', 'number_of_moves': 22, 'number_of_trades': '3', 'roster_adds': {'coverage_type': 'week', 'coverage_value': 12, 'value': '2'}, 'team_id': '8', 'team_key': '423.l.219013.t.8', 'team_logos': {'team_logo': {'size': 'large', 'url': 'https://yahoofantasysports-res.cloudinary.com/image/upload/t_s192sq/fantasy-logos/2d69162507d02142d54f11805eaf391986fce6c112f88dece9fff5484eefe6e8.jpg'}}, 'team_points': {'coverage_type': 'week', 'total': '93.30', 'week': '11'}, 'team_projected_points': {'coverage_type': 'week', 'total': '98.37', 'week': '11'}, 'url': 'https://football.fantasysports.yahoo.com/f1/219013/8', 'waiver_priority': 3, 'win_probability': 0}}, {'team': {'division_id': '1', 'draft_grade': 'F', 'draft_position': 8, 'draft_recap_url': 'https://football.fantasysports.yahoo.com/f1/219013/10/draftrecap', 'faab_balance': '80', 'has_draft_grade': 1, 'league_scoring_type': 'head', 'managers': {'manager': {'guid': 'JP4PWLILXEXEZ2Z5TNVJCDFPMQ', 'image_url': 'https://s.yimg.com/ag/images/default_user_profile_pic_64sq.jpg', 'manager_id': '10', 'nickname': 'Josh'}}, 'name': 'Zynfinity & Beyond', 'number_of_moves': 12, 'number_of_trades': 0, 'roster_adds': {'coverage_type': 'week', 'coverage_value': 12, 'value': '0'}, 'team_id': '10', 'team_key': '423.l.219013.t.10', 'team_logos': {'team_logo': {'size': 'large', 'url': 'https://yahoofantasysports-res.cloudinary.com/image/upload/t_s192sq/fantasy-logos/ac16ed42be345232406ec555b3f49d50f424fa25d3f85fe5c4b250f09c5ee1e1.jpg'}}, 'team_points': {'coverage_type': 'week', 'total': '95.96', 'week': '11'}, 'team_projected_points': {'coverage_type': 'week', 'total': '90.51', 'week': '11'}, 'url': 'https://football.fantasysports.yahoo.com/f1/219013/10', 'waiver_priority': 2, 'win_probability': 1}}]",11,2023-11-20,2023-11-14,423.l.219013.t.10,,
0,1.0,0,0.0,"[{'matchup_grade': {'grade': 'D', 'team_key': '423.l.219013.t.1'}}, {'matchup_grade': {'grade': 'A+', 'team_key': '423.l.219013.t.6'}}]","Diggs in a Blanket Has a Feast, Devours P01135809 in Thanksgiving Showdown",https://football.fantasysports.yahoo.com/f1/219013/recap?week=12&mid1=1&mid2=6,postevent,"[{'team': {'division_id': '1', 'draft_grade': 'D', 'draft_position': 3, 'draft_recap_url': 'https://football.fantasysports.yahoo.com/f1/219013/1/draftrecap', 'faab_balance': '70', 'has_draft_grade': 1, 'league_scoring_type': 'head', 'managers': {'manager': {'guid': 'ADD4MDMU6QB6KKHZ6WPSTZXCWM', 'image_url': 'https://s.yimg.com/ag/images/1836/38534872323_f7eae3_64sq.jpg', 'manager_id': '1', 'nickname': 'danno'}}, 'name': 'P01135809', 'number_of_moves': 25, 'number_of_trades': '1', 'roster_adds': {'coverage_type': 'week', 'coverage_value': 13, 'value': '0'}, 'team_id': '1', 'team_key': '423.l.219013.t.1', 'team_logos': {'team_logo': {'size': 'large', 'url': 'https://yahoofantasysports-res.cloudinary.com/image/upload/t_s192sq/fantasy-logos/39603651843_5cc41f.jpg'}}, 'team_points': {'coverage_type': 'week', 'total': '69.94', 'week': '12'}, 'team_projected_points': {'coverage_type': 'week', 'total': '95.56', 'week': '12'}, 'url': 'https://football.fantasysports.yahoo.com/f1/219013/1', 'waiver_priority': 4, 'win_probability': 0}}, {'team': {'clinched_playoffs': 1, 'division_id': '2', 'draft_grade': 'B', 'draft_position': 10, 'draft_recap_url': 'https://football.fantasysports.yahoo.com/f1/219013/6/draftrecap', 'faab_balance': '63', 'has_draft_grade': 1, 'league_scoring_type': 'head', 'managers': {'manager': {'guid': 'KYDUTDTRLS5SUCBQZ2XQVIZHXY', 'image_url': 'https://s.yimg.com/ag/images/default_user_profile_pic_64sq.jpg', 'manager_id': '6', 'nickname': 'Justin'}}, 'name': 'Diggs in a Blanket', 'number_of_moves': 13, 'number_of_trades': '1', 'roster_adds': {'coverage_type': 'week', 'coverage_value': 13, 'value': '2'}, 'team_id': '6', 'team_key': '423.l.219013.t.6', 'team_logos': {'team_logo': {'size': 'large', 'url': 'https://yahoofantasysports-res.cloudinary.com/image/upload/t_s192sq/fantasy-logos/249a502ce0e9d7139b05e755b1b63b176c351a2f34a72f46bd954635b59e1c99.jpg'}}, 'team_points': {'coverage_type': 'week', 'total': '115.66', 'week': '12'}, 'team_projected_points': {'coverage_type': 'week', 'total': '97.71', 'week': '12'}, 'url': 'https://football.fantasysports.yahoo.com/f1/219013/6', 'waiver_priority': 9, 'win_probability': 1}}]",12,2023-11-27,2023-11-21,423.l.219013.t.6,,
0,1.0,0,0.0,"[{'matchup_grade': {'grade': 'C+', 'team_key': '423.l.219013.t.2'}}, {'matchup_grade': {'grade': 'A-', 'team_key': '423.l.219013.t.9'}}]",Luke Menoots Takes Home the Turkey with a Thanksgiving Win,https://football.fantasysports.yahoo.com/f1/219013/recap?week=12&mid1=2&mid2=9,postevent,"[{'team': {'division_id': '2', 'draft_grade': 'A+', 'draft_position': 1, 'draft_recap_url': 'https://football.fantasysports.yahoo.com/f1/219013/2/draftrecap', 'faab_balance': '95', 'has_draft_grade': 1, 'league_scoring_type': 'head', 'managers': {'manager': {'guid': '3TMDLXVHHB23GKSNKO5KYRZYNY', 'image_url': 'https://s.yimg.com/ag/images/default_user_profile_pic_64sq.jpg', 'manager_id': '2', 'nickname': 'Justus'}}, 'name': 'PAC 4 Playboys', 'number_of_moves': 7, 'number_of_trades': 0, 'roster_adds': {'coverage_type': 'week', 'coverage_value': 13, 'value': '0'}, 'team_id': '2', 'team_key': '423.l.219013.t.2', 'team_logos': {'team_logo': {'size': 'large', 'url': 'https://s.yimg.com/cv/apiv2/default/nfl/nfl_9_j.png'}}, 'team_points': {'coverage_type': 'week', 'total': '125.54', 'week': '12'}, 'team_projected_points': {'coverage_type': 'week', 'total': '99.36', 'week': '12'}, 'url': 'https://football.fantasysports.yahoo.com/f1/219013/2', 'waiver_priority': 6, 'win_probability': 0}}, {'team': {'clinched_playoffs': 1, 'division_id': '2', 'draft_grade': 'A+', 'draft_position': 2, 'draft_recap_url': 'https://football.fantasysports.yahoo.com/f1/219013/9/draftrecap', 'faab_balance': '54', 'has_draft_grade': 1, 'league_scoring_type': 'head', 'managers': {'manager': {'guid': 'KMHYZRO62LD24JPFDP2G44AAEE', 'image_url': 'https://s.yimg.com/ag/images/default_user_profile_pic_64sq.jpg', 'manager_id': '9', 'nickname': 'yide'}}, 'name': 'Luke Menoots', 'number_of_moves': 20, 'number_of_trades': 0, 'roster_adds': {'coverage_type': 'week', 'coverage_value': 13, 'value': '1'}, 'team_id': '9', 'team_key': '423.l.219013.t.9', 'team_logos': {'team_logo': {'size': 'large', 'url': 'https://s.yimg.com/cv/apiv2/default/nfl/nfl_4_l.png'}}, 'team_points': {'coverage_type': 'week', 'total': '131.60', 'week': '12'}, 'team_projected_points': {'coverage_type': 'week', 'total': '114.59', 'week': '12'}, 'url': 'https://football.fantasysports.yahoo.com/f1/219013/9', 'waiver_priority': 5, 'win_probability': 1}}]",12,2023-11-27,2023-11-21,423.l.219013.t.9,,
0,1.0,0,0.0,"[{'matchup_grade': {'grade': 'B', 'team_key': '423.l.219013.t.3'}}, {'matchup_grade': {'grade': 'C', 'team_key': '423.l.219013.t.10'}}]",Rocket Man 💄 Survives Turkey Day Matchup with Zynfinity & Beyond,https://football.fantasysports.yahoo.com/f1/219013/recap?week=12&mid1=3&mid2=10,postevent,"[{'team': {'division_id': '1', 'draft_grade': 'D+', 'draft_position': 4, 'draft_recap_url': 'https://football.fantasysports.yahoo.com/f1/219013/3/draftrecap', 'faab_balance': '10', 'has_draft_grade': 1, 'league_scoring_type': 'head', 'managers': {'manager': {'guid': 'BF7YOXDHYODW33AFZDW4VQUD5U', 'image_url': 'https://s.yimg.com/ag/images/default_user_profile_pic_64sq.jpg', 'manager_id': '3', 'nickname': 'christopher'}}, 'name': 'Rocket Man 💄', 'number_of_moves': 33, 'number_of_trades': 0, 'roster_adds': {'coverage_type': 'week', 'coverage_value': 13, 'value': '1'}, 'team_id': '3', 'team_key': '423.l.219013.t.3', 'team_logos': {'team_logo': {'size': 'large', 'url': 'https://yahoofantasysports-res.cloudinary.com/image/upload/t_s192sq/fantasy-logos/26002718789_b0e267.png'}}, 'team_points': {'coverage_type': 'week', 'total': '101.94', 'week': '12'}, 'team_projected_points': {'coverage_type': 'week', 'total': '101.02', 'week': '12'}, 'url': 'https://football.fantasysports.yahoo.com/f1/219013/3', 'waiver_priority': 10, 'win_probability': 1}}, {'team': {'division_id': '1', 'draft_grade': 'F', 'draft_position': 8, 'draft_recap_url': 'https://football.fantasysports.yahoo.com/f1/219013/10/draftrecap', 'faab_balance': '80', 'has_draft_grade': 1, 'league_scoring_type': 'head', 'managers': {'manager': {'guid': 'JP4PWLILXEXEZ2Z5TNVJCDFPMQ', 'image_url': 'https://s.yimg.com/ag/images/default_user_profile_pic_64sq.jpg', 'manager_id': '10', 'nickname': 'Josh'}}, 'name': 'Zynfinity & Beyond', 'number_of_moves': 13, 'number_of_trades': 0, 'roster_adds': {'coverage_type': 'week', 'coverage_value': 13, 'value': '0'}, 'team_id': '10', 'team_key': '423.l.219013.t.10', 'team_logos': {'team_logo': {'size': 'large', 'url': 'https://yahoofantasysports-res.cloudinary.com/image/upload/t_s192sq/fantasy-logos/ac16ed42be345232406ec555b3f49d50f424fa25d3f85fe5c4b250f09c5ee1e1.jpg'}}, 'team_points': {'coverage_type': 'week', 'total': '100.94', 'week': '12'}, 'team_projected_points': {'coverage_type': 'week', 'total': '98.15', 'week': '12'}, 'url': 'https://football.fantasysports.yahoo.com/f1/219013/10', 'waiver_priority': 2, 'win_probability': 0}}]",12,2023-11-27,2023-11-21,423.l.219013.t.3,,
0,1.0,0,0.0,"[{'matchup_grade': {'grade': 'C', 'team_key': '423.l.219013.t.4'}}, {'matchup_grade': {'grade': 'A', 'team_key': '423.l.219013.t.8'}}]",BoneZone Gobbles Up Victory Against My Fantasy Team,https://football.fantasysports.yahoo.com/f1/219013/recap?week=12&mid1=4&mid2=8,postevent,"[{'team': {'division_id': '2', 'draft_grade': 'B-', 'draft_position': 9, 'draft_recap_url': 'https://football.fantasysports.yahoo.com/f1/219013/4/draftrecap', 'faab_balance': '24', 'has_draft_grade': 1, 'league_scoring_type': 'head', 'managers': {'manager': {'guid': 'JYIB5FKHOAZXS4N2CUFFKO5Q4Y', 'image_url': 'https://s.yimg.com/ag/images/default_user_profile_pic_64sq.jpg', 'manager_id': '4', 'nickname': 'Alex'}}, 'name': 'SHIT CUNT BULLSHIT', 'number_of_moves': 15, 'number_of_trades': '1', 'roster_adds': {'coverage_type': 'week', 'coverage_value': 13, 'value': '0'}, 'team_id': '4', 'team_key': '423.l.219013.t.4', 'team_logos': {'team_logo': {'size': 'large', 'url': 'https://s.yimg.com/cv/apiv2/default/nfl/nfl_3_a.png'}}, 'team_points': {'coverage_type': 'week', 'total': '124.56', 'week': '12'}, 'team_projected_points': {'coverage_type': 'week', 'total': '99.95', 'week': '12'}, 'url': 'https://football.fantasysports.yahoo.com/f1/219013/4', 'waiver_priority': 1, 'win_probability': 0}}, {'team': {'division_id': '2', 'draft_grade': 'D+', 'draft_position': 7, 'draft_recap_url': 'https://football.fantasysports.yahoo.com/f1/219013/8/draftrecap', 'faab_balance': '8', 'has_draft_grade': 1, 'league_scoring_type': 'head', 'managers': {'manager': {'guid': 'GH6EVQYHV77KWSPQ6HMIML2INY', 'image_url': 'https://s.yimg.com/ag/images/default_user_profile_pic_64sq.jpg', 'manager_id': '8', 'nickname': 'Michael'}}, 'name': 'BoneZone', 'number_of_moves': 23, 'number_of_trades': '3', 'roster_adds': {'coverage_type': 'week', 'coverage_value': 13, 'value': '1'}, 'team_id': '8', 'team_key': '423.l.219013.t.8', 'team_logos': {'team_logo': {'size': 'large', 'url': 'https://yahoofantasysports-res.cloudinary.com/image/upload/t_s192sq/fantasy-logos/2d69162507d02142d54f11805eaf391986fce6c112f88dece9fff5484eefe6e8.jpg'}}, 'team_points': {'coverage_type': 'week', 'total': '138.82', 'week': '12'}, 'team_projected_points': {'coverage_type': 'week', 'total': '104.23', 'week': '12'}, 'url': 'https://football.fantasysports.yahoo.com/f1/219013/8', 'waiver_priority': 3, 'win_probability': 1}}]",12,2023-11-27,2023-11-21,423.l.219013.t.8,,
0,1.0,0,0.0,"[{'matchup_grade': {'grade': 'C+', 'team_key': '423.l.219013.t.5'}}, {'matchup_grade': {'grade': 'A-', 'team_key': '423.l.219013.t.7'}}]",Turkey Day Triumph: Sharknadoes Takes Down Champ’s Chosen Ones in Nail-Biter,https://football.fantasysports.yahoo.com/f1/219013/recap?week=12&mid1=5&mid2=7,postevent,"[{'team': {'division_id': '1', 'draft_grade': 'B', 'draft_position': 6, 'draft_recap_url': 'https://football.fantasysports.yahoo.com/f1/219013/5/draftrecap', 'faab_balance': '77', 'has_draft_grade': 1, 'league_scoring_type': 'head', 'managers': {'manager': {'guid': 'XHEDWQHX4S2KQRAJVGTHDJ3RJY', 'image_url': 'https://s.yimg.com/ag/images/default_user_profile_pic_64sq.jpg', 'manager_id': '5', 'nickname': 'Erick'}}, 'name': 'Champ’s Chosen Ones', 'number_of_moves': 20, 'number_of_trades': '2', 'roster_adds': {'coverage_type': 'week', 'coverage_value': 13, 'value': '0'}, 'team_id': '5', 'team_key': '423.l.219013.t.5', 'team_logos': {'team_logo': {'size': 'large', 'url': 'https://yahoofantasysports-res.cloudinary.com/image/upload/t_s192sq/fantasy-logos/b4b3d21311b327e6ca044cb220705ceb159a4ae11859d5cb1bc94075f0a31cb9.jpg'}}, 'team_points': {'coverage_type': 'week', 'total': '131.24', 'week': '12'}, 'team_projected_points': {'coverage_type': 'week', 'total': '106.34', 'week': '12'}, 'url': 'https://football.fantasysports.yahoo.com/f1/219013/5', 'waiver_priority': 7, 'win_probability': 0}}, {'team': {'clinched_playoffs': 1, 'division_id': '1', 'draft_grade': 'C-', 'draft_position': 5, 'draft_recap_url': 'https://football.fantasysports.yahoo.com/f1/219013/7/draftrecap', 'faab_balance': '54', 'has_draft_grade': 1, 'league_scoring_type': 'head', 'managers': {'manager': {'guid': 'N3MH6WN3FICQKJ4XHD6XAVEGAQ', 'image_url': 'https://s.yimg.com/ag/images/default_user_profile_pic_64sq.jpg', 'manager_id': '7', 'nickname': 'B'}}, 'name': 'Sharknadoes', 'number_of_moves': 15, 'number_of_trades': 0, 'roster_adds': {'coverage_type': 'week', 'coverage_value': 13, 'value': '1'}, 'team_id': '7', 'team_key': '423.l.219013.t.7', 'team_logos': {'team_logo': {'size': 'large', 'url': 'https://s.yimg.com/cv/apiv2/default/nfl/nfl_9_b.png'}}, 'team_points': {'coverage_type': 'week', 'total': '131.40', 'week': '12'}, 'team_projected_points': {'coverage_type': 'week', 'total': '110.38', 'week': '12'}, 'url': 'https://football.fantasysports.yahoo.com/f1/219013/7', 'waiver_priority': 8, 'win_probability': 1}}]",12,2023-11-27,2023-11-21,423.l.219013.t.7,,
0,1.0,0,0.0,"[{'matchup_grade': {'grade': 'D', 'team_key': '423.l.219013.t.1'}}, {'matchup_grade': {'grade': 'A+', 'team_key': '423.l.219013.t.10'}}]",Zynfinity & Beyond Dominates P01135809 in a One-Sided Showdown,https://football.fantasysports.yahoo.com/f1/219013/recap?week=13&mid1=1&mid2=10,postevent,"[{'team': {'division_id': '1', 'draft_grade': 'D', 'draft_position': 3, 'draft_recap_url': 'https://football.fantasysports.yahoo.com/f1/219013/1/draftrecap', 'faab_balance': '70', 'has_draft_grade': 1, 'league_scoring_type': 'head', 'managers': {'manager': {'guid': 'ADD4MDMU6QB6KKHZ6WPSTZXCWM', 'image_url': 'https://s.yimg.com/ag/images/1836/38534872323_f7eae3_64sq.jpg', 'manager_id': '1', 'nickname': 'danno'}}, 'name': 'P01135809', 'number_of_moves': 26, 'number_of_trades': '1', 'roster_adds': {'coverage_type': 'week', 'coverage_value': 14, 'value': '0'}, 'team_id': '1', 'team_key': '423.l.219013.t.1', 'team_logos': {'team_logo': {'size': 'large', 'url': 'https://yahoofantasysports-res.cloudinary.com/image/upload/t_s192sq/fantasy-logos/39603651843_5cc41f.jpg'}}, 'team_points': {'coverage_type': 'week', 'total': '87.92', 'week': '13'}, 'team_projected_points': {'coverage_type': 'week', 'total': '96.53', 'week': '13'}, 'url': 'https://football.fantasysports.yahoo.com/f1/219013/1', 'waiver_priority': 4, 'win_probability': 0}}, {'team': {'division_id': '1', 'draft_grade': 'F', 'draft_position': 8, 'draft_recap_url': 'https://football.fantasysports.yahoo.com/f1/219013/10/draftrecap', 'faab_balance': '80', 'has_draft_grade': 1, 'league_scoring_type': 'head', 'managers': {'manager': {'guid': 'JP4PWLILXEXEZ2Z5TNVJCDFPMQ', 'image_url': 'https://s.yimg.com/ag/images/default_user_profile_pic_64sq.jpg', 'manager_id': '10', 'nickname': 'Josh'}}, 'name': 'Zynfinity & Beyond', 'number_of_moves': 14, 'number_of_trades': 0, 'roster_adds': {'coverage_type': 'week', 'coverage_value': 14, 'value': '0'}, 'team_id': '10', 'team_key': '423.l.219013.t.10', 'team_logos': {'team_logo': {'size': 'large', 'url': 'https://yahoofantasysports-res.cloudinary.com/image/upload/t_s192sq/fantasy-logos/ac16ed42be345232406ec555b3f49d50f424fa25d3f85fe5c4b250f09c5ee1e1.jpg'}}, 'team_points': {'coverage_type': 'week', 'total': '128.74', 'week': '13'}, 'team_projected_points': {'coverage_type': 'week', 'total': '79.02', 'week': '13'}, 'url': 'https://football.fantasysports.yahoo.com/f1/219013/10', 'waiver_priority': 2, 'win_probability': 1}}]",13,2023-12-04,2023-11-28,423.l.219013.t.10,,
0,1.0,0,0.0,"[{'matchup_grade': {'grade': 'C-', 'team_key': '423.l.219013.t.2'}}, {'matchup_grade': {'grade': 'A+', 'team_key': '423.l.219013.t.8'}}]",BoneZone Dominates PAC 4 Playboys with an A+ Performance,https://football.fantasysports.yahoo.com/f1/219013/recap?week=13&mid1=2&mid2=8,postevent,"[{'team': {'division_id': '2', 'draft_grade': 'A+', 'draft_position': 1, 'draft_recap_url': 'https://football.fantasysports.yahoo.com/f1/219013/2/draftrecap', 'faab_balance': '95', 'has_draft_grade': 1, 'league_scoring_type': 'head', 'managers': {'manager': {'guid': '3TMDLXVHHB23GKSNKO5KYRZYNY', 'image_url': 'https://s.yimg.com/ag/images/default_user_profile_pic_64sq.jpg', 'manager_id': '2', 'nickname': 'Justus'}}, 'name': 'PAC 4 Playboys', 'number_of_moves': 7, 'number_of_trades': 0, 'roster_adds': {'coverage_type': 'week', 'coverage_value': 14, 'value': '0'}, 'team_id': '2', 'team_key': '423.l.219013.t.2', 'team_logos': {'team_logo': {'size': 'large', 'url': 'https://s.yimg.com/cv/apiv2/default/nfl/nfl_9_j.png'}}, 'team_points': {'coverage_type': 'week', 'total': '106.48', 'week': '13'}, 'team_projected_points': {'coverage_type': 'week', 'total': '95.54', 'week': '13'}, 'url': 'https://football.fantasysports.yahoo.com/f1/219013/2', 'waiver_priority': 6, 'win_probability': 0}}, {'team': {'division_id': '2', 'draft_grade': 'D+', 'draft_position': 7, 'draft_recap_url': 'https://football.fantasysports.yahoo.com/f1/219013/8/draftrecap', 'faab_balance': '4', 'has_draft_grade': 1, 'league_scoring_type': 'head', 'managers': {'manager': {'guid': 'GH6EVQYHV77KWSPQ6HMIML2INY', 'image_url': 'https://s.yimg.com/ag/images/default_user_profile_pic_64sq.jpg', 'manager_id': '8', 'nickname': 'Michael'}}, 'name': 'BoneZone', 'number_of_moves': 25, 'number_of_trades': '3', 'roster_adds': {'coverage_type': 'week', 'coverage_value': 14, 'value': '2'}, 'team_id': '8', 'team_key': '423.l.219013.t.8', 'team_logos': {'team_logo': {'size': 'large', 'url': 'https://yahoofantasysports-res.cloudinary.com/image/upload/t_s192sq/fantasy-logos/2d69162507d02142d54f11805eaf391986fce6c112f88dece9fff5484eefe6e8.jpg'}}, 'team_points': {'coverage_type': 'week', 'total': '126.48', 'week': '13'}, 'team_projected_points': {'coverage_type': 'week', 'total': '92.26', 'week': '13'}, 'url': 'https://football.fantasysports.yahoo.com/f1/219013/8', 'waiver_priority': 3, 'win_probability': 1}}]",13,2023-12-04,2023-11-28,423.l.219013.t.8,,
0,1.0,0,0.0,"[{'matchup_grade': {'grade': 'D+', 'team_key': '423.l.219013.t.3'}}, {'matchup_grade': {'grade': 'A-', 'team_key': '423.l.219013.t.7'}}]",Sharknadoes Dominates Rocket Man 💄 with an A+ Performance,https://football.fantasysports.yahoo.com/f1/219013/recap?week=13&mid1=3&mid2=7,postevent,"[{'team': {'division_id': '1', 'draft_grade': 'D+', 'draft_position': 4, 'draft_recap_url': 'https://football.fantasysports.yahoo.com/f1/219013/3/draftrecap', 'faab_balance': '10', 'has_draft_grade': 1, 'league_scoring_type': 'head', 'managers': {'manager': {'guid': 'BF7YOXDHYODW33AFZDW4VQUD5U', 'image_url': 'https://s.yimg.com/ag/images/default_user_profile_pic_64sq.jpg', 'manager_id': '3', 'nickname': 'christopher'}}, 'name': 'Rocket Man 💄', 'number_of_moves': 37, 'number_of_trades': 0, 'roster_adds': {'coverage_type': 'week', 'coverage_value': 14, 'value': '4'}, 'team_id': '3', 'team_key': '423.l.219013.t.3', 'team_logos': {'team_logo': {'size': 'large', 'url': 'https://yahoofantasysports-res.cloudinary.com/image/upload/t_s192sq/fantasy-logos/26002718789_b0e267.png'}}, 'team_points': {'coverage_type': 'week', 'total': '92.24', 'week': '13'}, 'team_projected_points': {'coverage_type': 'week', 'total': '94.29', 'week': '13'}, 'url': 'https://football.fantasysports.yahoo.com/f1/219013/3', 'waiver_priority': 10, 'win_probability': 0}}, {'team': {'clinched_playoffs': 1, 'division_id': '1', 'draft_grade': 'C-', 'draft_position': 5, 'draft_recap_url': 'https://football.fantasysports.yahoo.com/f1/219013/7/draftrecap', 'faab_balance': '54', 'has_draft_grade': 1, 'league_scoring_type': 'head', 'managers': {'manager': {'guid': 'N3MH6WN3FICQKJ4XHD6XAVEGAQ', 'image_url': 'https://s.yimg.com/ag/images/default_user_profile_pic_64sq.jpg', 'manager_id': '7', 'nickname': 'B'}}, 'name': 'Sharknadoes', 'number_of_moves': 18, 'number_of_trades': 0, 'roster_adds': {'coverage_type': 'week', 'coverage_value': 14, 'value': '2'}, 'team_id': '7', 'team_key': '423.l.219013.t.7', 'team_logos': {'team_logo': {'size': 'large', 'url': 'https://s.yimg.com/cv/apiv2/default/nfl/nfl_9_b.png'}}, 'team_points': {'coverage_type': 'week', 'total': '113.34', 'week': '13'}, 'team_projected_points': {'coverage_type': 'week', 'total': '107.94', 'week': '13'}, 'url': 'https://football.fantasysports.yahoo.com/f1/219013/7', 'waiver_priority': 8, 'win_probability': 1}}]",13,2023-12-04,2023-11-28,423.l.219013.t.7,,
0,1.0,0,0.0,"[{'matchup_grade': {'grade': 'A+', 'team_key': '423.l.219013.t.4'}}, {'matchup_grade': {'grade': 'D', 'team_key': '423.l.219013.t.5'}}]",My Fantasy Team Dominates Champ’s Chosen Ones in Week 13 Showdown,https://football.fantasysports.yahoo.com/f1/219013/recap?week=13&mid1=4&mid2=5,postevent,"[{'team': {'division_id': '2', 'draft_grade': 'B-', 'draft_position': 9, 'draft_recap_url': 'https://football.fantasysports.yahoo.com/f1/219013/4/draftrecap', 'faab_balance': '24', 'has_draft_grade': 1, 'league_scoring_type': 'head', 'managers': {'manager': {'guid': 'JYIB5FKHOAZXS4N2CUFFKO5Q4Y', 'image_url': 'https://s.yimg.com/ag/images/default_user_profile_pic_64sq.jpg', 'manager_id': '4', 'nickname': 'Alex'}}, 'name': 'SHIT CUNT BULLSHIT', 'number_of_moves': 17, 'number_of_trades': '1', 'roster_adds': {'coverage_type': 'week', 'coverage_value': 14, 'value': '0'}, 'team_id': '4', 'team_key': '423.l.219013.t.4', 'team_logos': {'team_logo': {'size': 'large', 'url': 'https://s.yimg.com/cv/apiv2/default/nfl/nfl_3_a.png'}}, 'team_points': {'coverage_type': 'week', 'total': '140.00', 'week': '13'}, 'team_projected_points': {'coverage_type': 'week', 'total': '98.56', 'week': '13'}, 'url': 'https://football.fantasysports.yahoo.com/f1/219013/4', 'waiver_priority': 1, 'win_probability': 1}}, {'team': {'division_id': '1', 'draft_grade': 'B', 'draft_position': 6, 'draft_recap_url': 'https://football.fantasysports.yahoo.com/f1/219013/5/draftrecap', 'faab_balance': '27', 'has_draft_grade': 1, 'league_scoring_type': 'head', 'managers': {'manager': {'guid': 'XHEDWQHX4S2KQRAJVGTHDJ3RJY', 'image_url': 'https://s.yimg.com/ag/images/default_user_profile_pic_64sq.jpg', 'manager_id': '5', 'nickname': 'Erick'}}, 'name': 'Champ’s Chosen Ones', 'number_of_moves': 23, 'number_of_trades': '2', 'roster_adds': {'coverage_type': 'week', 'coverage_value': 14, 'value': '2'}, 'team_id': '5', 'team_key': '423.l.219013.t.5', 'team_logos': {'team_logo': {'size': 'large', 'url': 'https://yahoofantasysports-res.cloudinary.com/image/upload/t_s192sq/fantasy-logos/b4b3d21311b327e6ca044cb220705ceb159a4ae11859d5cb1bc94075f0a31cb9.jpg'}}, 'team_points': {'coverage_type': 'week', 'total': '92.54', 'week': '13'}, 'team_projected_points': {'coverage_type': 'week', 'total': '98.49', 'week': '13'}, 'url': 'https://football.fantasysports.yahoo.com/f1/219013/5', 'waiver_priority': 7, 'win_probability': 0}}]",13,2023-12-04,2023-11-28,423.l.219013.t.4,,
0,1.0,0,0.0,"[{'matchup_grade': {'grade': 'D+', 'team_key': '423.l.219013.t.6'}}, {'matchup_grade': {'grade': 'A+', 'team_key': '423.l.219013.t.9'}}]","Luke Menoots Dominates Diggs in a Blanket, Grades Don't Lie",https://football.fantasysports.yahoo.com/f1/219013/recap?week=13&mid1=6&mid2=9,postevent,"[{'team': {'clinched_playoffs': 1, 'division_id': '2', 'draft_grade': 'B', 'draft_position': 10, 'draft_recap_url': 'https://football.fantasysports.yahoo.com/f1/219013/6/draftrecap', 'faab_balance': '47', 'has_draft_grade': 1, 'league_scoring_type': 'head', 'managers': {'manager': {'guid': 'KYDUTDTRLS5SUCBQZ2XQVIZHXY', 'image_url': 'https://s.yimg.com/ag/images/default_user_profile_pic_64sq.jpg', 'manager_id': '6', 'nickname': 'Justin'}}, 'name': 'Diggs in a Blanket', 'number_of_moves': 15, 'number_of_trades': '1', 'roster_adds': {'coverage_type': 'week', 'coverage_value': 14, 'value': '2'}, 'team_id': '6', 'team_key': '423.l.219013.t.6', 'team_logos': {'team_logo': {'size': 'large', 'url': 'https://yahoofantasysports-res.cloudinary.com/image/upload/t_s192sq/fantasy-logos/249a502ce0e9d7139b05e755b1b63b176c351a2f34a72f46bd954635b59e1c99.jpg'}}, 'team_points': {'coverage_type': 'week', 'total': '88.52', 'week': '13'}, 'team_projected_points': {'coverage_type': 'week', 'total': '78.82', 'week': '13'}, 'url': 'https://football.fantasysports.yahoo.com/f1/219013/6', 'waiver_priority': 9, 'win_probability': 0}}, {'team': {'clinched_playoffs': 1, 'division_id': '2', 'draft_grade': 'A+', 'draft_position': 2, 'draft_recap_url': 'https://football.fantasysports.yahoo.com/f1/219013/9/draftrecap', 'faab_balance': '49', 'has_draft_grade': 1, 'league_scoring_type': 'head', 'managers': {'manager': {'guid': 'KMHYZRO62LD24JPFDP2G44AAEE', 'image_url': 'https://s.yimg.com/ag/images/default_user_profile_pic_64sq.jpg', 'manager_id': '9', 'nickname': 'yide'}}, 'name': 'Luke Menoots', 'number_of_moves': 21, 'number_of_trades': 0, 'roster_adds': {'coverage_type': 'week', 'coverage_value': 14, 'value': '1'}, 'team_id': '9', 'team_key': '423.l.219013.t.9', 'team_logos': {'team_logo': {'size': 'large', 'url': 'https://s.yimg.com/cv/apiv2/default/nfl/nfl_4_l.png'}}, 'team_points': {'coverage_type': 'week', 'total': '129.24', 'week': '13'}, 'team_projected_points': {'coverage_type': 'week', 'total': '111.58', 'week': '13'}, 'url': 'https://football.fantasysports.yahoo.com/f1/219013/9', 'waiver_priority': 5, 'win_probability': 1}}]",13,2023-12-04,2023-11-28,423.l.219013.t.9,,
0,1.0,0,0.0,"[{'matchup_grade': {'grade': 'A-', 'team_key': '423.l.219013.t.1'}}, {'matchup_grade': {'grade': 'D+', 'team_key': '423.l.219013.t.3'}}]",P01135809 Triumphs Over Rocket Man 💄 in Lackluster Showdown,https://football.fantasysports.yahoo.com/f1/219013/recap?week=14&mid1=1&mid2=3,postevent,"[{'team': {'division_id': '1', 'draft_grade': 'D', 'draft_position': 3, 'draft_recap_url': 'https://football.fantasysports.yahoo.com/f1/219013/1/draftrecap', 'faab_balance': '70', 'has_draft_grade': 1, 'league_scoring_type': 'head', 'managers': {'manager': {'guid': 'ADD4MDMU6QB6KKHZ6WPSTZXCWM', 'image_url': 'https://s.yimg.com/ag/images/1836/38534872323_f7eae3_64sq.jpg', 'manager_id': '1', 'nickname': 'danno'}}, 'name': 'P01135809', 'number_of_moves': 29, 'number_of_trades': '1', 'roster_adds': {'coverage_type': 'week', 'coverage_value': 15, 'value': '3'}, 'team_id': '1', 'team_key': '423.l.219013.t.1', 'team_logos': {'team_logo': {'size': 'large', 'url': 'https://yahoofantasysports-res.cloudinary.com/image/upload/t_s192sq/fantasy-logos/39603651843_5cc41f.jpg'}}, 'team_points': {'coverage_type': 'week', 'total': '100.54', 'week': '14'}, 'team_projected_points': {'coverage_type': 'week', 'total': '98.29', 'week': '14'}, 'url': 'https://football.fantasysports.yahoo.com/f1/219013/1', 'waiver_priority': 4, 'win_probability': 1}}, {'team': {'division_id': '1', 'draft_grade': 'D+', 'draft_position': 4, 'draft_recap_url': 'https://football.fantasysports.yahoo.com/f1/219013/3/draftrecap', 'faab_balance': '10', 'has_draft_grade': 1, 'league_scoring_type': 'head', 'managers': {'manager': {'guid': 'BF7YOXDHYODW33AFZDW4VQUD5U', 'image_url': 'https://s.yimg.com/ag/images/default_user_profile_pic_64sq.jpg', 'manager_id': '3', 'nickname': 'christopher'}}, 'name': 'Rocket Man 💄', 'number_of_moves': 39, 'number_of_trades': 0, 'roster_adds': {'coverage_type': 'week', 'coverage_value': 15, 'value': '1'}, 'team_id': '3', 'team_key': '423.l.219013.t.3', 'team_logos': {'team_logo': {'size': 'large', 'url': 'https://yahoofantasysports-res.cloudinary.com/image/upload/t_s192sq/fantasy-logos/26002718789_b0e267.png'}}, 'team_points': {'coverage_type': 'week', 'total': '79.78', 'week': '14'}, 'team_projected_points': {'coverage_type': 'week', 'total': '88.85', 'week': '14'}, 'url': 'https://football.fantasysports.yahoo.com/f1/219013/3', 'waiver_priority': 10, 'win_probability': 0}}]",14,2023-12-11,2023-12-05,423.l.219013.t.1,,
0,1.0,0,0.0,"[{'matchup_grade': {'grade': 'A-', 'team_key': '423.l.219013.t.2'}}, {'matchup_grade': {'grade': 'D+', 'team_key': '423.l.219013.t.7'}}]",PAC 4 Playboys Takes Down Sharknadoes in Upset Victory,https://football.fantasysports.yahoo.com/f1/219013/recap?week=14&mid1=2&mid2=7,postevent,"[{'team': {'clinched_playoffs': 1, 'division_id': '2', 'draft_grade': 'A+', 'draft_position': 1, 'draft_recap_url': 'https://football.fantasysports.yahoo.com/f1/219013/2/draftrecap', 'faab_balance': '95', 'has_draft_grade': 1, 'league_scoring_type': 'head', 'managers': {'manager': {'guid': '3TMDLXVHHB23GKSNKO5KYRZYNY', 'image_url': 'https://s.yimg.com/ag/images/default_user_profile_pic_64sq.jpg', 'manager_id': '2', 'nickname': 'Justus'}}, 'name': 'PAC 4 Playboys', 'number_of_moves': 9, 'number_of_trades': 0, 'roster_adds': {'coverage_type': 'week', 'coverage_value': 15, 'value': '1'}, 'team_id': '2', 'team_key': '423.l.219013.t.2', 'team_logos': {'team_logo': {'size': 'large', 'url': 'https://s.yimg.com/cv/apiv2/default/nfl/nfl_9_j.png'}}, 'team_points': {'coverage_type': 'week', 'total': '104.64', 'week': '14'}, 'team_projected_points': {'coverage_type': 'week', 'total': '98.85', 'week': '14'}, 'url': 'https://football.fantasysports.yahoo.com/f1/219013/2', 'waiver_priority': 6, 'win_probability': 1}}, {'team': {'clinched_playoffs': 1, 'division_id': '1', 'draft_grade': 'C-', 'draft_position': 5, 'draft_recap_url': 'https://football.fantasysports.yahoo.com/f1/219013/7/draftrecap', 'faab_balance': '54', 'has_draft_grade': 1, 'league_scoring_type': 'head', 'managers': {'manager': {'guid': 'N3MH6WN3FICQKJ4XHD6XAVEGAQ', 'image_url': 'https://s.yimg.com/ag/images/default_user_profile_pic_64sq.jpg', 'manager_id': '7', 'nickname': 'B'}}, 'name': 'Sharknadoes', 'number_of_moves': 20, 'number_of_trades': 0, 'roster_adds': {'coverage_type': 'week', 'coverage_value': 15, 'value': '0'}, 'team_id': '7', 'team_key': '423.l.219013.t.7', 'team_logos': {'team_logo': {'size': 'large', 'url': 'https://s.yimg.com/cv/apiv2/default/nfl/nfl_9_b.png'}}, 'team_points': {'coverage_type': 'week', 'total': '92.70', 'week': '14'}, 'team_projected_points': {'coverage_type': 'week', 'total': '109.18', 'week': '14'}, 'url': 'https://football.fantasysports.yahoo.com/f1/219013/7', 'waiver_priority': 8, 'win_probability': 0}}]",14,2023-12-11,2023-12-05,423.l.219013.t.2,,
0,1.0,0,0.0,"[{'matchup_grade': {'grade': 'D', 'team_key': '423.l.219013.t.4'}}, {'matchup_grade': {'grade': 'A', 'team_key': '423.l.219013.t.6'}}]",Diggs in a Blanket Crushes My Fantasy Team in Fantasy Showdown,https://football.fantasysports.yahoo.com/f1/219013/recap?week=14&mid1=4&mid2=6,postevent,"[{'team': {'division_id': '2', 'draft_grade': 'B-', 'draft_position': 9, 'draft_recap_url': 'https://football.fantasysports.yahoo.com/f1/219013/4/draftrecap', 'faab_balance': '24', 'has_draft_grade': 1, 'league_scoring_type': 'head', 'managers': {'manager': {'guid': 'JYIB5FKHOAZXS4N2CUFFKO5Q4Y', 'image_url': 'https://s.yimg.com/ag/images/default_user_profile_pic_64sq.jpg', 'manager_id': '4', 'nickname': 'Alex'}}, 'name': 'SHIT CUNT BULLSHIT', 'number_of_moves': 18, 'number_of_trades': '1', 'roster_adds': {'coverage_type': 'week', 'coverage_value': 15, 'value': '0'}, 'team_id': '4', 'team_key': '423.l.219013.t.4', 'team_logos': {'team_logo': {'size': 'large', 'url': 'https://s.yimg.com/cv/apiv2/default/nfl/nfl_3_a.png'}}, 'team_points': {'coverage_type': 'week', 'total': '69.40', 'week': '14'}, 'team_projected_points': {'coverage_type': 'week', 'total': '99.67', 'week': '14'}, 'url': 'https://football.fantasysports.yahoo.com/f1/219013/4', 'waiver_priority': 1, 'win_probability': 0}}, {'team': {'clinched_playoffs': 1, 'division_id': '2', 'draft_grade': 'B', 'draft_position': 10, 'draft_recap_url': 'https://football.fantasysports.yahoo.com/f1/219013/6/draftrecap', 'faab_balance': '47', 'has_draft_grade': 1, 'league_scoring_type': 'head', 'managers': {'manager': {'guid': 'KYDUTDTRLS5SUCBQZ2XQVIZHXY', 'image_url': 'https://s.yimg.com/ag/images/default_user_profile_pic_64sq.jpg', 'manager_id': '6', 'nickname': 'Justin'}}, 'name': 'Diggs in a Blanket', 'number_of_moves': 15, 'number_of_trades': '1', 'roster_adds': {'coverage_type': 'week', 'coverage_value': 15, 'value': '0'}, 'team_id': '6', 'team_key': '423.l.219013.t.6', 'team_logos': {'team_logo': {'size': 'large', 'url': 'https://yahoofantasysports-res.cloudinary.com/image/upload/t_s192sq/fantasy-logos/249a502ce0e9d7139b05e755b1b63b176c351a2f34a72f46bd954635b59e1c99.jpg'}}, 'team_points': {'coverage_type': 'week', 'total': '112.34', 'week': '14'}, 'team_projected_points': {'coverage_type': 'week', 'total': '101.56', 'week': '14'}, 'url': 'https://football.fantasysports.yahoo.com/f1/219013/6', 'waiver_priority': 9, 'win_probability': 1}}]",14,2023-12-11,2023-12-05,423.l.219013.t.6,,
0,1.0,0,0.0,"[{'matchup_grade': {'grade': 'D+', 'team_key': '423.l.219013.t.5'}}, {'matchup_grade': {'grade': 'B+', 'team_key': '423.l.219013.t.10'}}]",Zynfinity & Beyond Triumphs Over Champ’s Chosen Ones in Mediocre Showdown,https://football.fantasysports.yahoo.com/f1/219013/recap?week=14&mid1=5&mid2=10,postevent,"[{'team': {'clinched_playoffs': 1, 'division_id': '1', 'draft_grade': 'B', 'draft_position': 6, 'draft_recap_url': 'https://football.fantasysports.yahoo.com/f1/219013/5/draftrecap', 'faab_balance': '17', 'has_draft_grade': 1, 'league_scoring_type': 'head', 'managers': {'manager': {'guid': 'XHEDWQHX4S2KQRAJVGTHDJ3RJY', 'image_url': 'https://s.yimg.com/ag/images/default_user_profile_pic_64sq.jpg', 'manager_id': '5', 'nickname': 'Erick'}}, 'name': 'Champ’s Chosen Ones', 'number_of_moves': 26, 'number_of_trades': '2', 'roster_adds': {'coverage_type': 'week', 'coverage_value': 15, 'value': '3'}, 'team_id': '5', 'team_key': '423.l.219013.t.5', 'team_logos': {'team_logo': {'size': 'large', 'url': 'https://yahoofantasysports-res.cloudinary.com/image/upload/t_s192sq/fantasy-logos/b4b3d21311b327e6ca044cb220705ceb159a4ae11859d5cb1bc94075f0a31cb9.jpg'}}, 'team_points': {'coverage_type': 'week', 'total': '78.36', 'week': '14'}, 'team_projected_points': {'coverage_type': 'week', 'total': '101.83', 'week': '14'}, 'url': 'https://football.fantasysports.yahoo.com/f1/219013/5', 'waiver_priority': 7, 'win_probability': 0}}, {'team': {'division_id': '1', 'draft_grade': 'F', 'draft_position': 8, 'draft_recap_url': 'https://football.fantasysports.yahoo.com/f1/219013/10/draftrecap', 'faab_balance': '80', 'has_draft_grade': 1, 'league_scoring_type': 'head', 'managers': {'manager': {'guid': 'JP4PWLILXEXEZ2Z5TNVJCDFPMQ', 'image_url': 'https://s.yimg.com/ag/images/default_user_profile_pic_64sq.jpg', 'manager_id': '10', 'nickname': 'Josh'}}, 'name': 'Zynfinity & Beyond', 'number_of_moves': 14, 'number_of_trades': 0, 'roster_adds': {'coverage_type': 'week', 'coverage_value': 15, 'value': '0'}, 'team_id': '10', 'team_key': '423.l.219013.t.10', 'team_logos': {'team_logo': {'size': 'large', 'url': 'https://yahoofantasysports-res.cloudinary.com/image/upload/t_s192sq/fantasy-logos/ac16ed42be345232406ec555b3f49d50f424fa25d3f85fe5c4b250f09c5ee1e1.jpg'}}, 'team_points': {'coverage_type': 'week', 'total': '88.50', 'week': '14'}, 'team_projected_points': {'coverage_type': 'week', 'total': '91.42', 'week': '14'}, 'url': 'https://football.fantasysports.yahoo.com/f1/219013/10', 'waiver_priority': 2, 'win_probability': 1}}]",14,2023-12-11,2023-12-05,423.l.219013.t.10,,
0,1.0,0,0.0,"[{'matchup_grade': {'grade': 'A', 'team_key': '423.l.219013.t.8'}}, {'matchup_grade': {'grade': 'C-', 'team_key': '423.l.219013.t.9'}}]",BoneZone dominates Luke Menoots in a clash of grades,https://football.fantasysports.yahoo.com/f1/219013/recap?week=14&mid1=8&mid2=9,postevent,"[{'team': {'clinched_playoffs': 1, 'division_id': '2', 'draft_grade': 'D+', 'draft_position': 7, 'draft_recap_url': 'https://football.fantasysports.yahoo.com/f1/219013/8/draftrecap', 'faab_balance': '4', 'has_draft_grade': 1, 'league_scoring_type': 'head', 'managers': {'manager': {'guid': 'GH6EVQYHV77KWSPQ6HMIML2INY', 'image_url': 'https://s.yimg.com/ag/images/default_user_profile_pic_64sq.jpg', 'manager_id': '8', 'nickname': 'Michael'}}, 'name': 'BoneZone', 'number_of_moves': 29, 'number_of_trades': '3', 'roster_adds': {'coverage_type': 'week', 'coverage_value': 15, 'value': '4'}, 'team_id': '8', 'team_key': '423.l.219013.t.8', 'team_logos': {'team_logo': {'size': 'large', 'url': 'https://yahoofantasysports-res.cloudinary.com/image/upload/t_s192sq/fantasy-logos/2d69162507d02142d54f11805eaf391986fce6c112f88dece9fff5484eefe6e8.jpg'}}, 'team_points': {'coverage_type': 'week', 'total': '132.26', 'week': '14'}, 'team_projected_points': {'coverage_type': 'week', 'total': '104.27', 'week': '14'}, 'url': 'https://football.fantasysports.yahoo.com/f1/219013/8', 'waiver_priority': 3, 'win_probability': 1}}, {'team': {'clinched_playoffs': 1, 'division_id': '2', 'draft_grade': 'A+', 'draft_position': 2, 'draft_recap_url': 'https://football.fantasysports.yahoo.com/f1/219013/9/draftrecap', 'faab_balance': '36', 'has_draft_grade': 1, 'league_scoring_type': 'head', 'managers': {'manager': {'guid': 'KMHYZRO62LD24JPFDP2G44AAEE', 'image_url': 'https://s.yimg.com/ag/images/default_user_profile_pic_64sq.jpg', 'manager_id': '9', 'nickname': 'yide'}}, 'name': 'Luke Menoots', 'number_of_moves': 22, 'number_of_trades': 0, 'roster_adds': {'coverage_type': 'week', 'coverage_value': 15, 'value': '1'}, 'team_id': '9', 'team_key': '423.l.219013.t.9', 'team_logos': {'team_logo': {'size': 'large', 'url': 'https://s.yimg.com/cv/apiv2/default/nfl/nfl_4_l.png'}}, 'team_points': {'coverage_type': 'week', 'total': '120.00', 'week': '14'}, 'team_projected_points': {'coverage_type': 'week', 'total': '110.30', 'week': '14'}, 'url': 'https://football.fantasysports.yahoo.com/f1/219013/9', 'waiver_priority': 5, 'win_probability': 0}}]",14,2023-12-11,2023-12-05,423.l.219013.t.8,,
0,1.0,1,0.0,"[{'matchup_grade': {'grade': 'D', 'team_key': '423.l.219013.t.2'}}, {'matchup_grade': {'grade': 'A+', 'team_key': '423.l.219013.t.9'}}]",Luke Menoots Dominates PAC 4 Playboys in Week 15,https://football.fantasysports.yahoo.com/f1/219013/recap?week=15&mid1=2&mid2=9,postevent,"[{'team': {'clinched_playoffs': 1, 'division_id': '2', 'draft_grade': 'A+', 'draft_position': 1, 'draft_recap_url': 'https://football.fantasysports.yahoo.com/f1/219013/2/draftrecap', 'faab_balance': '95', 'has_draft_grade': 1, 'league_scoring_type': 'head', 'managers': {'manager': {'guid': '3TMDLXVHHB23GKSNKO5KYRZYNY', 'image_url': 'https://s.yimg.com/ag/images/default_user_profile_pic_64sq.jpg', 'manager_id': '2', 'nickname': 'Justus'}}, 'name': 'PAC 4 Playboys', 'number_of_moves': 9, 'number_of_trades': 0, 'roster_adds': {'coverage_type': 'week', 'coverage_value': 16, 'value': '0'}, 'team_id': '2', 'team_key': '423.l.219013.t.2', 'team_logos': {'team_logo': {'size': 'large', 'url': 'https://s.yimg.com/cv/apiv2/default/nfl/nfl_9_j.png'}}, 'team_points': {'coverage_type': 'week', 'total': '98.86', 'week': '15'}, 'team_projected_points': {'coverage_type': 'week', 'total': '98.56', 'week': '15'}, 'url': 'https://football.fantasysports.yahoo.com/f1/219013/2', 'waiver_priority': 6, 'win_probability': 0}}, {'team': {'clinched_playoffs': 1, 'division_id': '2', 'draft_grade': 'A+', 'draft_position': 2, 'draft_recap_url': 'https://football.fantasysports.yahoo.com/f1/219013/9/draftrecap', 'faab_balance': '36', 'has_draft_grade': 1, 'league_scoring_type': 'head', 'managers': {'manager': {'guid': 'KMHYZRO62LD24JPFDP2G44AAEE', 'image_url': 'https://s.yimg.com/ag/images/default_user_profile_pic_64sq.jpg', 'manager_id': '9', 'nickname': 'yide'}}, 'name': 'Luke Menoots', 'number_of_moves': 22, 'number_of_trades': 0, 'roster_adds': {'coverage_type': 'week', 'coverage_value': 16, 'value': '0'}, 'team_id': '9', 'team_key': '423.l.219013.t.9', 'team_logos': {'team_logo': {'size': 'large', 'url': 'https://s.yimg.com/cv/apiv2/default/nfl/nfl_4_l.png'}}, 'team_points': {'coverage_type': 'week', 'total': '153.98', 'week': '15'}, 'team_projected_points': {'coverage_type': 'week', 'total': '111.61', 'week': '15'}, 'url': 'https://football.fantasysports.yahoo.com/f1/219013/9', 'waiver_priority': 5, 'win_probability': 1}}]",15,2023-12-18,2023-12-12,423.l.219013.t.9,,
0,1.0,1,0.0,"[{'matchup_grade': {'grade': 'D', 'team_key': '423.l.219013.t.5'}}, {'matchup_grade': {'grade': 'A+', 'team_key': '423.l.219013.t.8'}}]",BoneZone Dominates Champ’s Chosen Ones in Week 15,https://football.fantasysports.yahoo.com/f1/219013/recap?week=15&mid1=5&mid2=8,postevent,"[{'team': {'clinched_playoffs': 1, 'division_id': '1', 'draft_grade': 'B', 'draft_position': 6, 'draft_recap_url': 'https://football.fantasysports.yahoo.com/f1/219013/5/draftrecap', 'faab_balance': '17', 'has_draft_grade': 1, 'league_scoring_type': 'head', 'managers': {'manager': {'guid': 'XHEDWQHX4S2KQRAJVGTHDJ3RJY', 'image_url': 'https://s.yimg.com/ag/images/default_user_profile_pic_64sq.jpg', 'manager_id': '5', 'nickname': 'Erick'}}, 'name': 'Champ’s Chosen Ones', 'number_of_moves': 28, 'number_of_trades': '2', 'roster_adds': {'coverage_type': 'week', 'coverage_value': 16, 'value': '2'}, 'team_id': '5', 'team_key': '423.l.219013.t.5', 'team_logos': {'team_logo': {'size': 'large', 'url': 'https://yahoofantasysports-res.cloudinary.com/image/upload/t_s192sq/fantasy-logos/b4b3d21311b327e6ca044cb220705ceb159a4ae11859d5cb1bc94075f0a31cb9.jpg'}}, 'team_points': {'coverage_type': 'week', 'total': '74.14', 'week': '15'}, 'team_projected_points': {'coverage_type': 'week', 'total': '94.21', 'week': '15'}, 'url': 'https://football.fantasysports.yahoo.com/f1/219013/5', 'waiver_priority': 7, 'win_probability': 0}}, {'team': {'clinched_playoffs': 1, 'division_id': '2', 'draft_grade': 'D+', 'draft_position': 7, 'draft_recap_url': 'https://football.fantasysports.yahoo.com/f1/219013/8/draftrecap', 'faab_balance': '0', 'has_draft_grade': 1, 'league_scoring_type': 'head', 'managers': {'manager': {'guid': 'GH6EVQYHV77KWSPQ6HMIML2INY', 'image_url': 'https://s.yimg.com/ag/images/default_user_profile_pic_64sq.jpg', 'manager_id': '8', 'nickname': 'Michael'}}, 'name': 'BoneZone', 'number_of_moves': 32, 'number_of_trades': '3', 'roster_adds': {'coverage_type': 'week', 'coverage_value': 16, 'value': '3'}, 'team_id': '8', 'team_key': '423.l.219013.t.8', 'team_logos': {'team_logo': {'size': 'large', 'url': 'https://yahoofantasysports-res.cloudinary.com/image/upload/t_s192sq/fantasy-logos/2d69162507d02142d54f11805eaf391986fce6c112f88dece9fff5484eefe6e8.jpg'}}, 'team_points': {'coverage_type': 'week', 'total': '122.14', 'week': '15'}, 'team_projected_points': {'coverage_type': 'week', 'total': '102.43', 'week': '15'}, 'url': 'https://football.fantasysports.yahoo.com/f1/219013/8', 'waiver_priority': 3, 'win_probability': 1}}]",15,2023-12-18,2023-12-12,423.l.219013.t.8,,
1,1.0,1,0.0,"[{'matchup_grade': {'grade': 'A-', 'team_key': '423.l.219013.t.1'}}, {'matchup_grade': {'grade': 'C-', 'team_key': '423.l.219013.t.10'}}]",P01135809 outshines Zynfinity & Beyond in a battle of mediocrity,https://football.fantasysports.yahoo.com/f1/219013/recap?week=16&mid1=1&mid2=10,postevent,"[{'team': {'division_id': '1', 'draft_grade': 'D', 'draft_position': 3, 'draft_recap_url': 'https://football.fantasysports.yahoo.com/f1/219013/1/draftrecap', 'faab_balance': '70', 'has_draft_grade': 1, 'league_scoring_type': 'head', 'managers': {'manager': {'guid': 'ADD4MDMU6QB6KKHZ6WPSTZXCWM', 'image_url': 'https://s.yimg.com/ag/images/1836/38534872323_f7eae3_64sq.jpg', 'manager_id': '1', 'nickname': 'danno'}}, 'name': 'P01135809', 'number_of_moves': 29, 'number_of_trades': '1', 'roster_adds': {'coverage_type': 'week', 'coverage_value': 17, 'value': '0'}, 'team_id': '1', 'team_key': '423.l.219013.t.1', 'team_logos': {'team_logo': {'size': 'large', 'url': 'https://yahoofantasysports-res.cloudinary.com/image/upload/t_s192sq/fantasy-logos/39603651843_5cc41f.jpg'}}, 'team_points': {'coverage_type': 'week', 'total': '98.36', 'week': '16'}, 'team_projected_points': {'coverage_type': 'week', 'total': '92.31', 'week': '16'}, 'url': 'https://football.fantasysports.yahoo.com/f1/219013/1', 'waiver_priority': 4, 'win_probability': 1}}, {'team': {'division_id': '1', 'draft_grade': 'F', 'draft_position': 8, 'draft_recap_url': 'https://football.fantasysports.yahoo.com/f1/219013/10/draftrecap', 'faab_balance': '80', 'has_draft_grade': 1, 'league_scoring_type': 'head', 'managers': {'manager': {'guid': 'JP4PWLILXEXEZ2Z5TNVJCDFPMQ', 'image_url': 'https://s.yimg.com/ag/images/default_user_profile_pic_64sq.jpg', 'manager_id': '10', 'nickname': 'Josh'}}, 'name': 'Zynfinity & Beyond', 'number_of_moves': 17, 'number_of_trades': 0, 'roster_adds': {'coverage_type': 'week', 'coverage_value': 17, 'value': '3'}, 'team_id': '10', 'team_key': '423.l.219013.t.10', 'team_logos': {'team_logo': {'size': 'large', 'url': 'https://yahoofantasysports-res.cloudinary.com/image/upload/t_s192sq/fantasy-logos/ac16ed42be345232406ec555b3f49d50f424fa25d3f85fe5c4b250f09c5ee1e1.jpg'}}, 'team_points': {'coverage_type': 'week', 'total': '86.68', 'week': '16'}, 'team_projected_points': {'coverage_type': 'week', 'total': '86.56', 'week': '16'}, 'url': 'https://football.fantasysports.yahoo.com/f1/219013/10', 'waiver_priority': 2, 'win_probability': 0}}]",16,2023-12-25,2023-12-19,423.l.219013.t.1,,
0,1.0,1,0.0,"[{'matchup_grade': {'grade': 'D+', 'team_key': '423.l.219013.t.2'}}, {'matchup_grade': {'grade': 'B+', 'team_key': '423.l.219013.t.5'}}]",Champ’s Chosen Ones Takes the Win in Nail-Biter Matchup,https://football.fantasysports.yahoo.com/f1/219013/recap?week=16&mid1=2&mid2=5,postevent,"[{'team': {'clinched_playoffs': 1, 'division_id': '2', 'draft_grade': 'A+', 'draft_position': 1, 'draft_recap_url': 'https://football.fantasysports.yahoo.com/f1/219013/2/draftrecap', 'faab_balance': '95', 'has_draft_grade': 1, 'league_scoring_type': 'head', 'managers': {'manager': {'guid': '3TMDLXVHHB23GKSNKO5KYRZYNY', 'image_url': 'https://s.yimg.com/ag/images/default_user_profile_pic_64sq.jpg', 'manager_id': '2', 'nickname': 'Justus'}}, 'name': 'PAC 4 Playboys', 'number_of_moves': 9, 'number_of_trades': 0, 'roster_adds': {'coverage_type': 'week', 'coverage_value': 17, 'value': '0'}, 'team_id': '2', 'team_key': '423.l.219013.t.2', 'team_logos': {'team_logo': {'size': 'large', 'url': 'https://s.yimg.com/cv/apiv2/default/nfl/nfl_9_j.png'}}, 'team_points': {'coverage_type': 'week', 'total': '89.98', 'week': '16'}, 'team_projected_points': {'coverage_type': 'week', 'total': '99.45', 'week': '16'}, 'url': 'https://football.fantasysports.yahoo.com/f1/219013/2', 'waiver_priority': 6, 'win_probability': 0}}, {'team': {'clinched_playoffs': 1, 'division_id': '1', 'draft_grade': 'B', 'draft_position': 6, 'draft_recap_url': 'https://football.fantasysports.yahoo.com/f1/219013/5/draftrecap', 'faab_balance': '17', 'has_draft_grade': 1, 'league_scoring_type': 'head', 'managers': {'manager': {'guid': 'XHEDWQHX4S2KQRAJVGTHDJ3RJY', 'image_url': 'https://s.yimg.com/ag/images/default_user_profile_pic_64sq.jpg', 'manager_id': '5', 'nickname': 'Erick'}}, 'name': 'Champ’s Chosen Ones', 'number_of_moves': 28, 'number_of_trades': '2', 'roster_adds': {'coverage_type': 'week', 'coverage_value': 17, 'value': '0'}, 'team_id': '5', 'team_key': '423.l.219013.t.5', 'team_logos': {'team_logo': {'size': 'large', 'url': 'https://yahoofantasysports-res.cloudinary.com/image/upload/t_s192sq/fantasy-logos/b4b3d21311b327e6ca044cb220705ceb159a4ae11859d5cb1bc94075f0a31cb9.jpg'}}, 'team_points': {'coverage_type': 'week', 'total': '99.92', 'week': '16'}, 'team_projected_points': {'coverage_type': 'week', 'total': '98.59', 'week': '16'}, 'url': 'https://football.fantasysports.yahoo.com/f1/219013/5', 'waiver_priority': 7, 'win_probability': 1}}]",16,2023-12-25,2023-12-19,423.l.219013.t.5,,
1,1.0,1,0.0,"[{'matchup_grade': {'grade': 'C', 'team_key': '423.l.219013.t.3'}}, {'matchup_grade': {'grade': 'A-', 'team_key': '423.l.219013.t.4'}}]",My Fantasy Team Dominates Rocket Man 💄 in Week 16,https://football.fantasysports.yahoo.com/f1/219013/recap?week=16&mid1=3&mid2=4,postevent,"[{'team': {'division_id': '1', 'draft_grade': 'D+', 'draft_position': 4, 'draft_recap_url': 'https://football.fantasysports.yahoo.com/f1/219013/3/draftrecap', 'faab_balance': '10', 'has_draft_grade': 1, 'league_scoring_type': 'head', 'managers': {'manager': {'guid': 'BF7YOXDHYODW33AFZDW4VQUD5U', 'image_url': 'https://s.yimg.com/ag/images/default_user_profile_pic_64sq.jpg', 'manager_id': '3', 'nickname': 'christopher'}}, 'name': 'Rocket Man 💄', 'number_of_moves': 41, 'number_of_trades': 0, 'roster_adds': {'coverage_type': 'week', 'coverage_value': 17, 'value': '0'}, 'team_id': '3', 'team_key': '423.l.219013.t.3', 'team_logos': {'team_logo': {'size': 'large', 'url': 'https://yahoofantasysports-res.cloudinary.com/image/upload/t_s192sq/fantasy-logos/26002718789_b0e267.png'}}, 'team_points': {'coverage_type': 'week', 'total': '95.48', 'week': '16'}, 'team_projected_points': {'coverage_type': 'week', 'total': '86.03', 'week': '16'}, 'url': 'https://football.fantasysports.yahoo.com/f1/219013/3', 'waiver_priority': 10, 'win_probability': 0}}, {'team': {'division_id': '2', 'draft_grade': 'B-', 'draft_position': 9, 'draft_recap_url': 'https://football.fantasysports.yahoo.com/f1/219013/4/draftrecap', 'faab_balance': '24', 'has_draft_grade': 1, 'league_scoring_type': 'head', 'managers': {'manager': {'guid': 'JYIB5FKHOAZXS4N2CUFFKO5Q4Y', 'image_url': 'https://s.yimg.com/ag/images/default_user_profile_pic_64sq.jpg', 'manager_id': '4', 'nickname': 'Alex'}}, 'name': 'SHIT CUNT BULLSHIT', 'number_of_moves': 19, 'number_of_trades': '1', 'roster_adds': {'coverage_type': 'week', 'coverage_value': 17, 'value': '1'}, 'team_id': '4', 'team_key': '423.l.219013.t.4', 'team_logos': {'team_logo': {'size': 'large', 'url': 'https://s.yimg.com/cv/apiv2/default/nfl/nfl_3_a.png'}}, 'team_points': {'coverage_type': 'week', 'total': '106.58', 'week': '16'}, 'team_projected_points': {'coverage_type': 'week', 'total': '93.38', 'week': '16'}, 'url': 'https://football.fantasysports.yahoo.com/f1/219013/4', 'waiver_priority': 1, 'win_probability': 1}}]",16,2023-12-25,2023-12-19,423.l.219013.t.4,,
0,1.0,1,0.0,"[{'matchup_grade': {'grade': 'D', 'team_key': '423.l.219013.t.6'}}, {'matchup_grade': {'grade': 'A', 'team_key': '423.l.219013.t.9'}}]",Luke Menoots Dominates Diggs in a Blanket to Secure Championship Finals Spot,https://football.fantasysports.yahoo.com/f1/219013/recap?week=16&mid1=6&mid2=9,postevent,"[{'team': {'clinched_playoffs': 1, 'division_id': '2', 'draft_grade': 'B', 'draft_position': 10, 'draft_recap_url': 'https://football.fantasysports.yahoo.com/f1/219013/6/draftrecap', 'faab_balance': '47', 'has_draft_grade': 1, 'league_scoring_type': 'head', 'managers': {'manager': {'guid': 'KYDUTDTRLS5SUCBQZ2XQVIZHXY', 'image_url': 'https://s.yimg.com/ag/images/default_user_profile_pic_64sq.jpg', 'manager_id': '6', 'nickname': 'Justin'}}, 'name': 'Diggs in a Blanket', 'number_of_moves': 15, 'number_of_trades': '1', 'roster_adds': {'coverage_type': 'week', 'coverage_value': 17, 'value': '0'}, 'team_id': '6', 'team_key': '423.l.219013.t.6', 'team_logos': {'team_logo': {'size': 'large', 'url': 'https://yahoofantasysports-res.cloudinary.com/image/upload/t_s192sq/fantasy-logos/249a502ce0e9d7139b05e755b1b63b176c351a2f34a72f46bd954635b59e1c99.jpg'}}, 'team_points': {'coverage_type': 'week', 'total': '80.58', 'week': '16'}, 'team_projected_points': {'coverage_type': 'week', 'total': '99.05', 'week': '16'}, 'url': 'https://football.fantasysports.yahoo.com/f1/219013/6', 'waiver_priority': 9, 'win_probability': 0}}, {'team': {'clinched_playoffs': 1, 'division_id': '2', 'draft_grade': 'A+', 'draft_position': 2, 'draft_recap_url': 'https://football.fantasysports.yahoo.com/f1/219013/9/draftrecap', 'faab_balance': '6', 'has_draft_grade': 1, 'league_scoring_type': 'head', 'managers': {'manager': {'guid': 'KMHYZRO62LD24JPFDP2G44AAEE', 'image_url': 'https://s.yimg.com/ag/images/default_user_profile_pic_64sq.jpg', 'manager_id': '9', 'nickname': 'yide'}}, 'name': 'Luke Menoots', 'number_of_moves': 23, 'number_of_trades': 0, 'roster_adds': {'coverage_type': 'week', 'coverage_value': 17, 'value': '1'}, 'team_id': '9', 'team_key': '423.l.219013.t.9', 'team_logos': {'team_logo': {'size': 'large', 'url': 'https://s.yimg.com/cv/apiv2/default/nfl/nfl_4_l.png'}}, 'team_points': {'coverage_type': 'week', 'total': '130.14', 'week': '16'}, 'team_projected_points': {'coverage_type': 'week', 'total': '114.13', 'week': '16'}, 'url': 'https://football.fantasysports.yahoo.com/f1/219013/9', 'waiver_priority': 5, 'win_probability': 1}}]",16,2023-12-25,2023-12-19,423.l.219013.t.9,,
0,1.0,1,0.0,"[{'matchup_grade': {'grade': 'A', 'team_key': '423.l.219013.t.7'}}, {'matchup_grade': {'grade': 'D+', 'team_key': '423.l.219013.t.8'}}]",Sharknadoes dominates BoneZone to secure spot in championship finals,https://football.fantasysports.yahoo.com/f1/219013/recap?week=16&mid1=7&mid2=8,postevent,"[{'team': {'clinched_playoffs': 1, 'division_id': '1', 'draft_grade': 'C-', 'draft_position': 5, 'draft_recap_url': 'https://football.fantasysports.yahoo.com/f1/219013/7/draftrecap', 'faab_balance': '19', 'has_draft_grade': 1, 'league_scoring_type': 'head', 'managers': {'manager': {'guid': 'N3MH6WN3FICQKJ4XHD6XAVEGAQ', 'image_url': 'https://s.yimg.com/ag/images/default_user_profile_pic_64sq.jpg', 'manager_id': '7', 'nickname': 'B'}}, 'name': 'Sharknadoes', 'number_of_moves': 25, 'number_of_trades': 0, 'roster_adds': {'coverage_type': 'week', 'coverage_value': 17, 'value': '2'}, 'team_id': '7', 'team_key': '423.l.219013.t.7', 'team_logos': {'team_logo': {'size': 'large', 'url': 'https://s.yimg.com/cv/apiv2/default/nfl/nfl_9_b.png'}}, 'team_points': {'coverage_type': 'week', 'total': '118.00', 'week': '16'}, 'team_projected_points': {'coverage_type': 'week', 'total': '103.92', 'week': '16'}, 'url': 'https://football.fantasysports.yahoo.com/f1/219013/7', 'waiver_priority': 8, 'win_probability': 1}}, {'team': {'clinched_playoffs': 1, 'division_id': '2', 'draft_grade': 'D+', 'draft_position': 7, 'draft_recap_url': 'https://football.fantasysports.yahoo.com/f1/219013/8/draftrecap', 'faab_balance': '0', 'has_draft_grade': 1, 'league_scoring_type': 'head', 'managers': {'manager': {'guid': 'GH6EVQYHV77KWSPQ6HMIML2INY', 'image_url': 'https://s.yimg.com/ag/images/default_user_profile_pic_64sq.jpg', 'manager_id': '8', 'nickname': 'Michael'}}, 'name': 'BoneZone', 'number_of_moves': 34, 'number_of_trades': '3', 'roster_adds': {'coverage_type': 'week', 'coverage_value': 17, 'value': '2'}, 'team_id': '8', 'team_key': '423.l.219013.t.8', 'team_logos': {'team_logo': {'size': 'large', 'url': 'https://yahoofantasysports-res.cloudinary.com/image/upload/t_s192sq/fantasy-logos/2d69162507d02142d54f11805eaf391986fce6c112f88dece9fff5484eefe6e8.jpg'}}, 'team_points': {'coverage_type': 'week', 'total': '100.82', 'week': '16'}, 'team_projected_points': {'coverage_type': 'week', 'total': '105.28', 'week': '16'}, 'url': 'https://football.fantasysports.yahoo.com/f1/219013/8', 'waiver_priority': 3, 'win_probability': 0}}]",16,2023-12-25,2023-12-19,423.l.219013.t.7,,
1,0.0,1,,,,,midevent,"[{'team': {'division_id': '1', 'draft_grade': 'D', 'draft_position': 3, 'draft_recap_url': 'https://football.fantasysports.yahoo.com/f1/219013/1/draftrecap', 'faab_balance': '70', 'has_draft_grade': 1, 'league_scoring_type': 'head', 'managers': {'manager': {'guid': 'ADD4MDMU6QB6KKHZ6WPSTZXCWM', 'image_url': 'https://s.yimg.com/ag/images/1836/38534872323_f7eae3_64sq.jpg', 'manager_id': '1', 'nickname': 'danno'}}, 'name': 'P01135809', 'number_of_moves': 29, 'number_of_trades': '1', 'roster_adds': {'coverage_type': 'week', 'coverage_value': 17, 'value': '0'}, 'team_id': '1', 'team_key': '423.l.219013.t.1', 'team_logos': {'team_logo': {'size': 'large', 'url': 'https://yahoofantasysports-res.cloudinary.com/image/upload/t_s192sq/fantasy-logos/39603651843_5cc41f.jpg'}}, 'team_points': {'coverage_type': 'week', 'total': '119.66', 'week': '17'}, 'team_projected_points': {'coverage_type': 'week', 'total': '90.60', 'week': '17'}, 'url': 'https://football.fantasysports.yahoo.com/f1/219013/1', 'waiver_priority': 4, 'win_probability': 1}}, {'team': {'division_id': '2', 'draft_grade': 'B-', 'draft_position': 9, 'draft_recap_url': 'https://football.fantasysports.yahoo.com/f1/219013/4/draftrecap', 'faab_balance': '24', 'has_draft_grade': 1, 'league_scoring_type': 'head', 'managers': {'manager': {'guid': 'JYIB5FKHOAZXS4N2CUFFKO5Q4Y', 'image_url': 'https://s.yimg.com/ag/images/default_user_profile_pic_64sq.jpg', 'manager_id': '4', 'nickname': 'Alex'}}, 'name': 'SHIT CUNT BULLSHIT', 'number_of_moves': 19, 'number_of_trades': '1', 'roster_adds': {'coverage_type': 'week', 'coverage_value': 17, 'value': '1'}, 'team_id': '4', 'team_key': '423.l.219013.t.4', 'team_logos': {'team_logo': {'size': 'large', 'url': 'https://s.yimg.com/cv/apiv2/default/nfl/nfl_3_a.png'}}, 'team_points': {'coverage_type': 'week', 'total': '110.10', 'week': '17'}, 'team_projected_points': {'coverage_type': 'week', 'total': '98.30', 'week': '17'}, 'url': 'https://football.fantasysports.yahoo.com/f1/219013/4', 'waiver_priority': 1, 'win_probability': 0}}]",17,2024-01-02,2023-12-26,,,
1,0.0,1,,,,,midevent,"[{'team': {'division_id': '1', 'draft_grade': 'D+', 'draft_position': 4, 'draft_recap_url': 'https://football.fantasysports.yahoo.com/f1/219013/3/draftrecap', 'faab_balance': '10', 'has_draft_grade': 1, 'league_scoring_type': 'head', 'managers': {'manager': {'guid': 'BF7YOXDHYODW33AFZDW4VQUD5U', 'image_url': 'https://s.yimg.com/ag/images/default_user_profile_pic_64sq.jpg', 'manager_id': '3', 'nickname': 'christopher'}}, 'name': 'Rocket Man 💄', 'number_of_moves': 41, 'number_of_trades': 0, 'roster_adds': {'coverage_type': 'week', 'coverage_value': 17, 'value': '0'}, 'team_id': '3', 'team_key': '423.l.219013.t.3', 'team_logos': {'team_logo': {'size': 'large', 'url': 'https://yahoofantasysports-res.cloudinary.com/image/upload/t_s192sq/fantasy-logos/26002718789_b0e267.png'}}, 'team_points': {'coverage_type': 'week', 'total': '59.30', 'week': '17'}, 'team_projected_points': {'coverage_type': 'week', 'total': '86.87', 'week': '17'}, 'url': 'https://football.fantasysports.yahoo.com/f1/219013/3', 'waiver_priority': 10, 'win_probability': 0}}, {'team': {'division_id': '1', 'draft_grade': 'F', 'draft_position': 8, 'draft_recap_url': 'https://football.fantasysports.yahoo.com/f1/219013/10/draftrecap', 'faab_balance': '80', 'has_draft_grade': 1, 'league_scoring_type': 'head', 'managers': {'manager': {'guid': 'JP4PWLILXEXEZ2Z5TNVJCDFPMQ', 'image_url': 'https://s.yimg.com/ag/images/default_user_profile_pic_64sq.jpg', 'manager_id': '10', 'nickname': 'Josh'}}, 'name': 'Zynfinity & Beyond', 'number_of_moves': 17, 'number_of_trades': 0, 'roster_adds': {'coverage_type': 'week', 'coverage_value': 17, 'value': '3'}, 'team_id': '10', 'team_key': '423.l.219013.t.10', 'team_logos': {'team_logo': {'size': 'large', 'url': 'https://yahoofantasysports-res.cloudinary.com/image/upload/t_s192sq/fantasy-logos/ac16ed42be345232406ec555b3f49d50f424fa25d3f85fe5c4b250f09c5ee1e1.jpg'}}, 'team_points': {'coverage_type': 'week', 'total': '104.20', 'week': '17'}, 'team_projected_points': {'coverage_type': 'week', 'total': '88.26', 'week': '17'}, 'url': 'https://football.fantasysports.yahoo.com/f1/219013/10', 'waiver_priority': 2, 'win_probability': 1}}]",17,2024-01-02,2023-12-26,,,
0,0.0,1,,,,,midevent,"[{'team': {'clinched_playoffs': 1, 'division_id': '2', 'draft_grade': 'B', 'draft_position': 10, 'draft_recap_url': 'https://football.fantasysports.yahoo.com/f1/219013/6/draftrecap', 'faab_balance': '47', 'has_draft_grade': 1, 'league_scoring_type': 'head', 'managers': {'manager': {'guid': 'KYDUTDTRLS5SUCBQZ2XQVIZHXY', 'image_url': 'https://s.yimg.com/ag/images/default_user_profile_pic_64sq.jpg', 'manager_id': '6', 'nickname': 'Justin'}}, 'name': 'Diggs in a Blanket', 'number_of_moves': 15, 'number_of_trades': '1', 'roster_adds': {'coverage_type': 'week', 'coverage_value': 17, 'value': '0'}, 'team_id': '6', 'team_key': '423.l.219013.t.6', 'team_logos': {'team_logo': {'size': 'large', 'url': 'https://yahoofantasysports-res.cloudinary.com/image/upload/t_s192sq/fantasy-logos/249a502ce0e9d7139b05e755b1b63b176c351a2f34a72f46bd954635b59e1c99.jpg'}}, 'team_points': {'coverage_type': 'week', 'total': '87.62', 'week': '17'}, 'team_projected_points': {'coverage_type': 'week', 'total': '99.89', 'week': '17'}, 'url': 'https://football.fantasysports.yahoo.com/f1/219013/6', 'waiver_priority': 9, 'win_probability': 0}}, {'team': {'clinched_playoffs': 1, 'division_id': '2', 'draft_grade': 'D+', 'draft_position': 7, 'draft_recap_url': 'https://football.fantasysports.yahoo.com/f1/219013/8/draftrecap', 'faab_balance': '0', 'has_draft_grade': 1, 'league_scoring_type': 'head', 'managers': {'manager': {'guid': 'GH6EVQYHV77KWSPQ6HMIML2INY', 'image_url': 'https://s.yimg.com/ag/images/default_user_profile_pic_64sq.jpg', 'manager_id': '8', 'nickname': 'Michael'}}, 'name': 'BoneZone', 'number_of_moves': 34, 'number_of_trades': '3', 'roster_adds': {'coverage_type': 'week', 'coverage_value': 17, 'value': '2'}, 'team_id': '8', 'team_key': '423.l.219013.t.8', 'team_logos': {'team_logo': {'size': 'large', 'url': 'https://yahoofantasysports-res.cloudinary.com/image/upload/t_s192sq/fantasy-logos/2d69162507d02142d54f11805eaf391986fce6c112f88dece9fff5484eefe6e8.jpg'}}, 'team_points': {'coverage_type': 'week', 'total': '110.58', 'week': '17'}, 'team_projected_points': {'coverage_type': 'week', 'total': '103.85', 'week': '17'}, 'url': 'https://football.fantasysports.yahoo.com/f1/219013/8', 'waiver_priority': 3, 'win_probability': 1}}]",17,2024-01-02,2023-12-26,,,
0,0.0,1,,,,,midevent,"[{'team': {'clinched_playoffs': 1, 'division_id': '1', 'draft_grade': 'C-', 'draft_position': 5, 'draft_recap_url': 'https://football.fantasysports.yahoo.com/f1/219013/7/draftrecap', 'faab_balance': '19', 'has_draft_grade': 1, 'league_scoring_type': 'head', 'managers': {'manager': {'guid': 'N3MH6WN3FICQKJ4XHD6XAVEGAQ', 'image_url': 'https://s.yimg.com/ag/images/default_user_profile_pic_64sq.jpg', 'manager_id': '7', 'nickname': 'B'}}, 'name': 'Sharknadoes', 'number_of_moves': 25, 'number_of_trades': 0, 'roster_adds': {'coverage_type': 'week', 'coverage_value': 17, 'value': '2'}, 'team_id': '7', 'team_key': '423.l.219013.t.7', 'team_logos': {'team_logo': {'size': 'large', 'url': 'https://s.yimg.com/cv/apiv2/default/nfl/nfl_9_b.png'}}, 'team_points': {'coverage_type': 'week', 'total': '134.46', 'week': '17'}, 'team_projected_points': {'coverage_type': 'week', 'total': '108.29', 'week': '17'}, 'url': 'https://football.fantasysports.yahoo.com/f1/219013/7', 'waiver_priority': 8, 'win_probability': 1}}, {'team': {'clinched_playoffs': 1, 'division_id': '2', 'draft_grade': 'A+', 'draft_position': 2, 'draft_recap_url': 'https://football.fantasysports.yahoo.com/f1/219013/9/draftrecap', 'faab_balance': '6', 'has_draft_grade': 1, 'league_scoring_type': 'head', 'managers': {'manager': {'guid': 'KMHYZRO62LD24JPFDP2G44AAEE', 'image_url': 'https://s.yimg.com/ag/images/default_user_profile_pic_64sq.jpg', 'manager_id': '9', 'nickname': 'yide'}}, 'name': 'Luke Menoots', 'number_of_moves': 23, 'number_of_trades': 0, 'roster_adds': {'coverage_type': 'week', 'coverage_value': 17, 'value': '1'}, 'team_id': '9', 'team_key': '423.l.219013.t.9', 'team_logos': {'team_logo': {'size': 'large', 'url': 'https://s.yimg.com/cv/apiv2/default/nfl/nfl_4_l.png'}}, 'team_points': {'coverage_type': 'week', 'total': '101.66', 'week': '17'}, 'team_projected_points': {'coverage_type': 'week', 'total': '113.27', 'week': '17'}, 'url': 'https://football.fantasysports.yahoo.com/f1/219013/9', 'waiver_priority': 5, 'win_probability': 0}}]",17,2024-01-02,2023-12-26,,,
